,year,round,game,home_team,away_team,home_score,away_score,winner
2012_1_1,2012,1,1,The Decepticons,The Iceman Cometh,82.32,111.06,The Iceman Cometh
2012_1_2,2012,1,2,It's a Brees,The Brady Bunch,106.36,107.54,The Brady Bunch
2012_1_3,2012,1,3,The Enmalones,Fifty Shades of Ray,143.32,138.28,The Enmalones
2012_1_4,2012,1,4,The Claireville Cougars,SERPION,114.72,144.2,SERPION
2012_1_5,2012,1,5,The Alligators,The Lynchpin,104.12,75.62,The Alligators
2012_2_1,2012,2,1,The Decepticons,It's a Brees,118.82,136.6,It's a Brees
2012_2_2,2012,2,2,The Brady Bunch,The Enmalones,138.24,86.46,The Brady Bunch
2012_2_3,2012,2,3,The Iceman Cometh,The Claireville Cougars,46.66,65.94,The Claireville Cougars
2012_2_4,2012,2,4,Fifty Shades of Ray,The Alligators,112.94,126.14,The Alligators
2012_2_5,2012,2,5,SERPION,The Lynchpin,123.3,102.4,SERPION
2012_3_1,2012,3,1,The Decepticons,The Claireville Cougars,108.48,105.94,The Decepticons
2012_3_2,2012,3,2,It's a Brees,The Enmalones,125.6,52.52,It's a Brees
2012_3_3,2012,3,3,The Alligators,The Brady Bunch,71.58,135.1,The Brady Bunch
2012_3_4,2012,3,4,The Lynchpin,The Iceman Cometh,123.36,128.1,The Iceman Cometh
2012_3_5,2012,3,5,SERPION,Fifty Shades of Ray,104.32,91.02,SERPION
2012_4_1,2012,4,1,The Decepticons,The Lynchpin,115.2,130.56,The Lynchpin
2012_4_2,2012,4,2,The Claireville Cougars,It's a Brees,125.22,130.64,It's a Brees
2012_4_3,2012,4,3,The Enmalones,The Alligators,88.76,106.24,The Alligators
2012_4_4,2012,4,4,The Brady Bunch,SERPION,170.2,96.06,The Brady Bunch
2012_4_5,2012,4,5,The Iceman Cometh,Fifty Shades of Ray,91.56,115.94,Fifty Shades of Ray
2012_5_1,2012,5,1,The Decepticons,Fifty Shades of Ray,124.54,92.68,The Decepticons
2012_5_2,2012,5,2,It's a Brees,The Alligators,149.2,83.4,It's a Brees
2012_5_3,2012,5,3,The Lynchpin,The Claireville Cougars,91.26,72.64,The Lynchpin
2012_5_4,2012,5,4,SERPION,The Enmalones,94.1,120.6,The Enmalones
2012_5_5,2012,5,5,The Iceman Cometh,The Brady Bunch,89.0,136.02,The Brady Bunch
2012_6_1,2012,6,1,The Decepticons,The Brady Bunch,106.04,118.4,The Brady Bunch
2012_6_2,2012,6,2,The Lynchpin,It's a Brees,104.32,88.08,The Lynchpin
2012_6_3,2012,6,3,The Alligators,SERPION,123.18,79.84,The Alligators
2012_6_4,2012,6,4,The Claireville Cougars,Fifty Shades of Ray,107.56,93.26,The Claireville Cougars
2012_6_5,2012,6,5,The Enmalones,The Iceman Cometh,127.22,123.76,The Enmalones
2012_7_1,2012,7,1,The Decepticons,The Enmalones,82.32,125.48,The Enmalones
2012_7_2,2012,7,2,It's a Brees,SERPION,110.48,79.22,It's a Brees
2012_7_3,2012,7,3,Fifty Shades of Ray,The Lynchpin,66.38,87.38,The Lynchpin
2012_7_4,2012,7,4,The Iceman Cometh,The Alligators,88.04,112.64,The Alligators
2012_7_5,2012,7,5,The Brady Bunch,The Claireville Cougars,113.66,118.82,The Claireville Cougars
2012_8_1,2012,8,1,The Decepticons,The Alligators,70.98,148.74,The Alligators
2012_8_2,2012,8,2,Fifty Shades of Ray,It's a Brees,104.48,97.62,Fifty Shades of Ray
2012_8_3,2012,8,3,SERPION,The Iceman Cometh,116.68,90.08,SERPION
2012_8_4,2012,8,4,The Lynchpin,The Brady Bunch,124.08,92.26,The Lynchpin
2012_8_5,2012,8,5,The Claireville Cougars,The Enmalones,102.28,74.64,The Claireville Cougars
2012_9_1,2012,9,1,The Decepticons,SERPION,116.94,85.2,The Decepticons
2012_9_2,2012,9,2,It's a Brees,The Iceman Cometh,89.06,115.98,The Iceman Cometh
2012_9_3,2012,9,3,The Brady Bunch,Fifty Shades of Ray,136.46,107.94,The Brady Bunch
2012_9_4,2012,9,4,The Enmalones,The Lynchpin,93.92,94.14,The Lynchpin
2012_9_5,2012,9,5,The Claireville Cougars,The Alligators,104.9,147.18,The Alligators
2012_10_1,2012,10,1,The Decepticons,The Iceman Cometh,113.84,124.14,The Iceman Cometh
2012_10_2,2012,10,2,The Brady Bunch,It's a Brees,110.18,127.22,It's a Brees
2012_10_3,2012,10,3,Fifty Shades of Ray,The Enmalones,118.4,91.72,Fifty Shades of Ray
2012_10_4,2012,10,4,SERPION,The Claireville Cougars,77.78,114.64,The Claireville Cougars
2012_10_5,2012,10,5,The Lynchpin,The Alligators,76.46,98.26,The Alligators
2012_11_1,2012,11,1,The Decepticons,It's a Brees,83.38,98.86,It's a Brees
2012_11_2,2012,11,2,The Enmalones,The Brady Bunch,70.18,104.14,The Brady Bunch
2012_11_3,2012,11,3,The Claireville Cougars,The Iceman Cometh,106.6,99.24,The Claireville Cougars
2012_11_4,2012,11,4,The Alligators,Fifty Shades of Ray,102.14,125.52,Fifty Shades of Ray
2012_11_5,2012,11,5,The Lynchpin,SERPION,96.68,110.66,SERPION
2012_12_1,2012,12,1,The Decepticons,The Claireville Cougars,127.84,146.06,The Claireville Cougars
2012_12_2,2012,12,2,The Enmalones,It's a Brees,67.26,90.78,It's a Brees
2012_12_3,2012,12,3,The Brady Bunch,The Alligators,116.02,114.44,The Brady Bunch
2012_12_4,2012,12,4,The Iceman Cometh,The Lynchpin,95.92,89.3,The Iceman Cometh
2012_12_5,2012,12,5,Fifty Shades of Ray,SERPION,109.34,123.0,SERPION
2012_13_1,2012,13,1,The Decepticons,The Lynchpin,142.88,118.7,The Decepticons
2012_13_2,2012,13,2,It's a Brees,The Claireville Cougars,80.54,108.92,The Claireville Cougars
2012_13_3,2012,13,3,The Alligators,The Enmalones,88.82,109.14,The Enmalones
2012_13_4,2012,13,4,SERPION,The Brady Bunch,102.14,80.62,SERPION
2012_13_5,2012,13,5,Fifty Shades of Ray,The Iceman Cometh,153.92,83.8,Fifty Shades of Ray
2012_14_1,2012,14,1,The Decepticons,Fifty Shades of Ray,201.38,86.02,The Decepticons
2012_14_2,2012,14,2,The Alligators,It's a Brees,119.76,84.66,The Alligators
2012_14_3,2012,14,3,The Claireville Cougars,The Lynchpin,127.18,98.36,The Claireville Cougars
2012_14_4,2012,14,4,The Enmalones,SERPION,53.42,69.44,SERPION
2012_14_5,2012,14,5,The Brady Bunch,The Iceman Cometh,127.84,93.58,The Brady Bunch
2012_15_1,2012,15,1,The Decepticons,The Iceman Cometh,117.64,120.0,The Iceman Cometh
2012_15_2,2012,15,2,Fifty Shades of Ray,The Enmalones,75.44,128.14,The Enmalones
2012_15_3,2012,15,3,The Brady Bunch,It's a Brees,125.02,178.58,It's a Brees
2012_15_4,2012,15,4,The Alligators,The Claireville Cougars,76.54,88.16,The Claireville Cougars
2012_16_1,2012,16,1,The Decepticons,Fifty Shades of Ray,136.2,134.24,The Decepticons
2012_16_2,2012,16,2,The Enmalones,The Iceman Cometh,96.28,121.76,The Iceman Cometh
2012_16_3,2012,16,3,It's a Brees,The Claireville Cougars,151.34,121.42,It's a Brees
2012_16_4,2012,16,4,The Brady Bunch,The Alligators,127.68,101.12,The Brady Bunch
2013_1_1,2013,1,1,DeMarco Polo,Skittles and Shady,139.96,89.12,DeMarco Polo
2013_1_2,2013,1,2,The Catcher in the Rice,I'm Sexy and I Knowshon It,118.9,102.34,The Catcher in the Rice
2013_1_3,2013,1,3,Jordy Shore,My Ball Zach Ertz,92.78,171.08,My Ball Zach Ertz
2013_1_4,2013,1,4,The Claireville Cougars,BREESUS - KING OF THE DREWS,128.52,103.78,The Claireville Cougars
2013_1_5,2013,1,5,The Alligators,Havn't got a Kluwe,112.88,84.9,The Alligators
2013_1_6,2013,1,6,The Sprockets,SERPION,148.76,125.82,The Sprockets
2013_2_1,2013,2,1,DeMarco Polo,The Catcher in the Rice,114.2,97.18,DeMarco Polo
2013_2_2,2013,2,2,I'm Sexy and I Knowshon It,Jordy Shore,110.54,131.12,Jordy Shore
2013_2_3,2013,2,3,Skittles and Shady,The Claireville Cougars,129.82,130.04,The Claireville Cougars
2013_2_4,2013,2,4,My Ball Zach Ertz,The Alligators,87.98,89.08,The Alligators
2013_2_5,2013,2,5,BREESUS - KING OF THE DREWS,The Sprockets,81.18,100.06,The Sprockets
2013_2_6,2013,2,6,Havn't got a Kluwe,SERPION,98.96,113.8,SERPION
2013_3_1,2013,3,1,DeMarco Polo,The Claireville Cougars,119.54,84.06,DeMarco Polo
2013_3_2,2013,3,2,The Catcher in the Rice,Jordy Shore,110.88,126.44,Jordy Shore
2013_3_3,2013,3,3,The Alligators,I'm Sexy and I Knowshon It,74.14,134.84,I'm Sexy and I Knowshon It
2013_3_4,2013,3,4,The Sprockets,Skittles and Shady,79.84,74.3,The Sprockets
2013_3_5,2013,3,5,SERPION,My Ball Zach Ertz,107.06,75.26,SERPION
2013_3_6,2013,3,6,Havn't got a Kluwe,BREESUS - KING OF THE DREWS,108.02,118.08,BREESUS - KING OF THE DREWS
2013_4_1,2013,4,1,DeMarco Polo,The Sprockets,120.98,122.34,The Sprockets
2013_4_2,2013,4,2,The Claireville Cougars,The Catcher in the Rice,132.08,126.98,The Claireville Cougars
2013_4_3,2013,4,3,Jordy Shore,The Alligators,99.38,121.22,The Alligators
2013_4_4,2013,4,4,I'm Sexy and I Knowshon It,SERPION,127.22,115.94,I'm Sexy and I Knowshon It
2013_4_5,2013,4,5,Skittles and Shady,Havn't got a Kluwe,96.14,84.9,Skittles and Shady
2013_4_6,2013,4,6,My Ball Zach Ertz,BREESUS - KING OF THE DREWS,131.88,101.52,My Ball Zach Ertz
2013_5_1,2013,5,1,DeMarco Polo,Havn't got a Kluwe,111.9,80.12,DeMarco Polo
2013_5_2,2013,5,2,The Catcher in the Rice,The Alligators,110.3,86.0,The Catcher in the Rice
2013_5_3,2013,5,3,The Sprockets,The Claireville Cougars,111.76,105.56,The Sprockets
2013_5_4,2013,5,4,SERPION,Jordy Shore,110.26,78.28,SERPION
2013_5_5,2013,5,5,BREESUS - KING OF THE DREWS,I'm Sexy and I Knowshon It,88.52,79.4,BREESUS - KING OF THE DREWS
2013_5_6,2013,5,6,My Ball Zach Ertz,Skittles and Shady,78.66,96.34,Skittles and Shady
2013_6_1,2013,6,1,DeMarco Polo,My Ball Zach Ertz,124.88,102.6,DeMarco Polo
2013_6_2,2013,6,2,The Sprockets,The Catcher in the Rice,80.04,83.98,The Catcher in the Rice
2013_6_3,2013,6,3,The Alligators,SERPION,90.78,92.9,SERPION
2013_6_4,2013,6,4,The Claireville Cougars,Havn't got a Kluwe,69.28,70.78,Havn't got a Kluwe
2013_6_5,2013,6,5,Jordy Shore,BREESUS - KING OF THE DREWS,102.42,101.24,Jordy Shore
2013_6_6,2013,6,6,I'm Sexy and I Knowshon It,Skittles and Shady,119.54,152.5,Skittles and Shady
2013_7_1,2013,7,1,DeMarco Polo,I'm Sexy and I Knowshon It,97.62,114.62,I'm Sexy and I Knowshon It
2013_7_2,2013,7,2,The Catcher in the Rice,SERPION,65.6,82.6,SERPION
2013_7_3,2013,7,3,Havn't got a Kluwe,The Sprockets,87.76,102.22,The Sprockets
2013_7_4,2013,7,4,BREESUS - KING OF THE DREWS,The Alligators,78.8,106.2,The Alligators
2013_7_5,2013,7,5,My Ball Zach Ertz,The Claireville Cougars,84.54,106.12,The Claireville Cougars
2013_7_6,2013,7,6,Skittles and Shady,Jordy Shore,120.48,103.48,Skittles and Shady
2013_8_1,2013,8,1,DeMarco Polo,Jordy Shore,127.2,126.52,DeMarco Polo
2013_8_2,2013,8,2,Havn't got a Kluwe,The Catcher in the Rice,109.84,79.26,Havn't got a Kluwe
2013_8_3,2013,8,3,SERPION,BREESUS - KING OF THE DREWS,86.2,92.28,BREESUS - KING OF THE DREWS
2013_8_4,2013,8,4,The Sprockets,My Ball Zach Ertz,51.04,98.66,My Ball Zach Ertz
2013_8_5,2013,8,5,The Alligators,Skittles and Shady,160.56,92.54,The Alligators
2013_8_6,2013,8,6,The Claireville Cougars,I'm Sexy and I Knowshon It,98.86,78.38,The Claireville Cougars
2013_9_1,2013,9,1,DeMarco Polo,The Alligators,114.76,129.7,The Alligators
2013_9_2,2013,9,2,The Catcher in the Rice,BREESUS - KING OF THE DREWS,105.28,100.28,The Catcher in the Rice
2013_9_3,2013,9,3,My Ball Zach Ertz,Havn't got a Kluwe,105.14,107.24,Havn't got a Kluwe
2013_9_4,2013,9,4,Skittles and Shady,SERPION,122.48,106.68,Skittles and Shady
2013_9_5,2013,9,5,I'm Sexy and I Knowshon It,The Sprockets,115.84,79.66,I'm Sexy and I Knowshon It
2013_9_6,2013,9,6,Jordy Shore,The Claireville Cougars,87.02,114.94,The Claireville Cougars
2013_10_1,2013,10,1,DeMarco Polo,SERPION,120.7,69.9,DeMarco Polo
2013_10_2,2013,10,2,My Ball Zach Ertz,The Catcher in the Rice,114.0,74.48,My Ball Zach Ertz
2013_10_3,2013,10,3,BREESUS - KING OF THE DREWS,Skittles and Shady,85.08,95.72,Skittles and Shady
2013_10_4,2013,10,4,Havn't got a Kluwe,I'm Sexy and I Knowshon It,99.56,82.74,Havn't got a Kluwe
2013_10_5,2013,10,5,The Sprockets,Jordy Shore,88.76,79.86,The Sprockets
2013_10_6,2013,10,6,The Alligators,The Claireville Cougars,96.14,85.12,The Alligators
2013_11_1,2013,11,1,DeMarco Polo,BREESUS - KING OF THE DREWS,77.1,110.6,BREESUS - KING OF THE DREWS
2013_11_2,2013,11,2,The Catcher in the Rice,Skittles and Shady,82.0,150.22,Skittles and Shady
2013_11_3,2013,11,3,I'm Sexy and I Knowshon It,My Ball Zach Ertz,105.96,88.72,I'm Sexy and I Knowshon It
2013_11_4,2013,11,4,Jordy Shore,Havn't got a Kluwe,99.78,110.36,Havn't got a Kluwe
2013_11_5,2013,11,5,The Claireville Cougars,SERPION,89.98,68.34,The Claireville Cougars
2013_11_6,2013,11,6,The Alligators,The Sprockets,106.98,80.68,The Alligators
2013_12_1,2013,12,1,DeMarco Polo,Skittles and Shady,100.9,96.26,DeMarco Polo
2013_12_2,2013,12,2,I'm Sexy and I Knowshon It,The Catcher in the Rice,86.62,76.38,I'm Sexy and I Knowshon It
2013_12_3,2013,12,3,My Ball Zach Ertz,Jordy Shore,97.36,49.78,My Ball Zach Ertz
2013_12_4,2013,12,4,BREESUS - KING OF THE DREWS,The Claireville Cougars,123.82,85.42,BREESUS - KING OF THE DREWS
2013_12_5,2013,12,5,Havn't got a Kluwe,The Alligators,91.46,112.4,The Alligators
2013_12_6,2013,12,6,SERPION,The Sprockets,124.56,105.38,SERPION
2013_13_1,2013,13,1,DeMarco Polo,The Catcher in the Rice,120.52,94.8,DeMarco Polo
2013_13_2,2013,13,2,Jordy Shore,I'm Sexy and I Knowshon It,67.4,163.48,I'm Sexy and I Knowshon It
2013_13_3,2013,13,3,The Claireville Cougars,Skittles and Shady,86.8,97.5,Skittles and Shady
2013_13_4,2013,13,4,The Alligators,My Ball Zach Ertz,95.7,132.48,My Ball Zach Ertz
2013_13_5,2013,13,5,The Sprockets,BREESUS - KING OF THE DREWS,93.14,164.38,BREESUS - KING OF THE DREWS
2013_13_6,2013,13,6,SERPION,Havn't got a Kluwe,78.94,108.12,Havn't got a Kluwe
2013_14_1,2013,14,1,DeMarco Polo,The Claireville Cougars,134.48,118.04,DeMarco Polo
2013_14_2,2013,14,2,Jordy Shore,The Catcher in the Rice,79.34,99.06,The Catcher in the Rice
2013_14_3,2013,14,3,I'm Sexy and I Knowshon It,The Alligators,130.56,70.4,I'm Sexy and I Knowshon It
2013_14_4,2013,14,4,Skittles and Shady,The Sprockets,110.16,82.74,Skittles and Shady
2013_14_5,2013,14,5,My Ball Zach Ertz,SERPION,73.46,96.12,SERPION
2013_14_6,2013,14,6,BREESUS - KING OF THE DREWS,Havn't got a Kluwe,162.02,85.4,BREESUS - KING OF THE DREWS
2013_15_1,2013,15,1,DeMarco Polo,I'm Sexy and I Knowshon It,117.16,90.58,DeMarco Polo
2013_15_2,2013,15,2,Havn't got a Kluwe,Jordy Shore,123.72,57.1,Havn't got a Kluwe
2013_15_3,2013,15,3,My Ball Zach Ertz,The Catcher in the Rice,161.22,75.64,My Ball Zach Ertz
2013_15_4,2013,15,4,The Alligators,Skittles and Shady,116.12,96.52,The Alligators
2013_16_1,2013,16,1,DeMarco Polo,The Alligators,166.3,105.98,DeMarco Polo
2013_16_2,2013,16,2,Havn't got a Kluwe,My Ball Zach Ertz,118.14,81.7,Havn't got a Kluwe
2013_16_3,2013,16,3,Jordy Shore,The Catcher in the Rice,77.28,99.82,The Catcher in the Rice
2013_16_4,2013,16,4,I'm Sexy and I Knowshon It,Skittles and Shady,78.18,102.24,Skittles and Shady
2014_1_1,2014,1,1,IT'S ON LIKE NDAMUKONG,Rivers of Babylon,96.3,154.5,Rivers of Babylon
2014_1_2,2014,1,2,In The Aeroplane Over Vereen,JOSH GORDON'S GANJA ARMY,101.38,104.18,JOSH GORDON'S GANJA ARMY
2014_1_3,2014,1,3,Sanu Improved and Peytonted,Settlers of Catanzaro,116.86,108.46,Sanu Improved and Peytonted
2014_1_4,2014,1,4,The Alligators,Kung Fu Russel,107.72,88.84,The Alligators
2014_1_5,2014,1,5,Jordy 'Shaw,Doug and the Staff Infections,88.06,67.94,Jordy 'Shaw
2014_1_6,2014,1,6,SERPION,Players of Fortetude,121.52,100.36,SERPION
2014_2_1,2014,2,1,IT'S ON LIKE NDAMUKONG,In The Aeroplane Over Vereen,100.04,91.34,IT'S ON LIKE NDAMUKONG
2014_2_2,2014,2,2,JOSH GORDON'S GANJA ARMY,Sanu Improved and Peytonted,106.92,94.98,JOSH GORDON'S GANJA ARMY
2014_2_3,2014,2,3,Rivers of Babylon,The Alligators,113.28,106.18,Rivers of Babylon
2014_2_4,2014,2,4,Settlers of Catanzaro,Jordy 'Shaw,124.64,141.34,Jordy 'Shaw
2014_2_5,2014,2,5,Kung Fu Russel,SERPION,74.82,64.44,Kung Fu Russel
2014_2_6,2014,2,6,Doug and the Staff Infections,Players of Fortetude,71.74,67.36,Doug and the Staff Infections
2014_3_1,2014,3,1,IT'S ON LIKE NDAMUKONG,The Alligators,86.8,93.92,The Alligators
2014_3_2,2014,3,2,In The Aeroplane Over Vereen,Sanu Improved and Peytonted,76.1,111.72,Sanu Improved and Peytonted
2014_3_3,2014,3,3,Jordy 'Shaw,JOSH GORDON'S GANJA ARMY,103.68,97.74,Jordy 'Shaw
2014_3_4,2014,3,4,SERPION,Rivers of Babylon,120.34,95.5,SERPION
2014_3_5,2014,3,5,Players of Fortetude,Settlers of Catanzaro,119.06,95.5,Players of Fortetude
2014_3_6,2014,3,6,Doug and the Staff Infections,Kung Fu Russel,102.64,77.9,Doug and the Staff Infections
2014_4_1,2014,4,1,IT'S ON LIKE NDAMUKONG,SERPION,104.68,101.72,IT'S ON LIKE NDAMUKONG
2014_4_2,2014,4,2,The Alligators,In The Aeroplane Over Vereen,99.3,125.9,In The Aeroplane Over Vereen
2014_4_3,2014,4,3,Sanu Improved and Peytonted,Jordy 'Shaw,130.16,139.48,Jordy 'Shaw
2014_4_4,2014,4,4,JOSH GORDON'S GANJA ARMY,Players of Fortetude,76.96,90.38,Players of Fortetude
2014_4_5,2014,4,5,Rivers of Babylon,Doug and the Staff Infections,115.48,100.72,Rivers of Babylon
2014_4_6,2014,4,6,Settlers of Catanzaro,Kung Fu Russel,74.14,124.92,Kung Fu Russel
2014_5_1,2014,5,1,IT'S ON LIKE NDAMUKONG,Doug and the Staff Infections,74.1,124.34,Doug and the Staff Infections
2014_5_2,2014,5,2,In The Aeroplane Over Vereen,Jordy 'Shaw,77.58,91.34,Jordy 'Shaw
2014_5_3,2014,5,3,SERPION,The Alligators,131.54,105.64,SERPION
2014_5_4,2014,5,4,Players of Fortetude,Sanu Improved and Peytonted,108.7,101.76,Players of Fortetude
2014_5_5,2014,5,5,Kung Fu Russel,JOSH GORDON'S GANJA ARMY,67.54,127.62,JOSH GORDON'S GANJA ARMY
2014_5_6,2014,5,6,Settlers of Catanzaro,Rivers of Babylon,88.06,165.08,Rivers of Babylon
2014_6_1,2014,6,1,IT'S ON LIKE NDAMUKONG,Settlers of Catanzaro,135.26,84.34,IT'S ON LIKE NDAMUKONG
2014_6_2,2014,6,2,SERPION,In The Aeroplane Over Vereen,99.44,96.32,SERPION
2014_6_3,2014,6,3,Jordy 'Shaw,Players of Fortetude,105.96,109.54,Players of Fortetude
2014_6_4,2014,6,4,The Alligators,Doug and the Staff Infections,87.52,71.5,The Alligators
2014_6_5,2014,6,5,Sanu Improved and Peytonted,Kung Fu Russel,100.08,102.52,Kung Fu Russel
2014_6_6,2014,6,6,JOSH GORDON'S GANJA ARMY,Rivers of Babylon,123.72,124.7,Rivers of Babylon
2014_7_1,2014,7,1,IT'S ON LIKE NDAMUKONG,JOSH GORDON'S GANJA ARMY,96.2,82.5,IT'S ON LIKE NDAMUKONG
2014_7_2,2014,7,2,In The Aeroplane Over Vereen,Players of Fortetude,117.52,127.94,Players of Fortetude
2014_7_3,2014,7,3,Doug and the Staff Infections,SERPION,62.46,68.62,SERPION
2014_7_4,2014,7,4,Kung Fu Russel,Jordy 'Shaw,72.52,118.6,Jordy 'Shaw
2014_7_5,2014,7,5,Settlers of Catanzaro,The Alligators,112.4,92.38,Settlers of Catanzaro
2014_7_6,2014,7,6,Rivers of Babylon,Sanu Improved and Peytonted,121.46,92.28,Rivers of Babylon
2014_8_1,2014,8,1,IT'S ON LIKE NDAMUKONG,Sanu Improved and Peytonted,116.74,132.84,Sanu Improved and Peytonted
2014_8_2,2014,8,2,Doug and the Staff Infections,In The Aeroplane Over Vereen,92.4,117.54,In The Aeroplane Over Vereen
2014_8_3,2014,8,3,Players of Fortetude,Kung Fu Russel,130.26,82.06,Players of Fortetude
2014_8_4,2014,8,4,SERPION,Settlers of Catanzaro,127.36,118.58,SERPION
2014_8_5,2014,8,5,Jordy 'Shaw,Rivers of Babylon,128.62,131.98,Rivers of Babylon
2014_8_6,2014,8,6,The Alligators,JOSH GORDON'S GANJA ARMY,124.14,96.1,The Alligators
2014_9_1,2014,9,1,IT'S ON LIKE NDAMUKONG,Jordy 'Shaw,106.94,122.96,Jordy 'Shaw
2014_9_2,2014,9,2,In The Aeroplane Over Vereen,Kung Fu Russel,76.16,68.48,In The Aeroplane Over Vereen
2014_9_3,2014,9,3,Settlers of Catanzaro,Doug and the Staff Infections,144.76,95.4,Settlers of Catanzaro
2014_9_4,2014,9,4,Rivers of Babylon,Players of Fortetude,112.12,101.12,Rivers of Babylon
2014_9_5,2014,9,5,JOSH GORDON'S GANJA ARMY,SERPION,104.66,99.56,JOSH GORDON'S GANJA ARMY
2014_9_6,2014,9,6,Sanu Improved and Peytonted,The Alligators,106.42,99.48,Sanu Improved and Peytonted
2014_10_1,2014,10,1,IT'S ON LIKE NDAMUKONG,Players of Fortetude,120.74,94.82,IT'S ON LIKE NDAMUKONG
2014_10_2,2014,10,2,Settlers of Catanzaro,In The Aeroplane Over Vereen,90.88,119.24,In The Aeroplane Over Vereen
2014_10_3,2014,10,3,Kung Fu Russel,Rivers of Babylon,67.98,148.48,Rivers of Babylon
2014_10_4,2014,10,4,Doug and the Staff Infections,JOSH GORDON'S GANJA ARMY,117.72,86.36,Doug and the Staff Infections
2014_10_5,2014,10,5,SERPION,Sanu Improved and Peytonted,103.76,102.2,SERPION
2014_10_6,2014,10,6,Jordy 'Shaw,The Alligators,138.4,98.48,Jordy 'Shaw
2014_11_1,2014,11,1,IT'S ON LIKE NDAMUKONG,Kung Fu Russel,107.62,81.32,IT'S ON LIKE NDAMUKONG
2014_11_2,2014,11,2,In The Aeroplane Over Vereen,Rivers of Babylon,118.04,71.92,In The Aeroplane Over Vereen
2014_11_3,2014,11,3,JOSH GORDON'S GANJA ARMY,Settlers of Catanzaro,89.28,117.6,Settlers of Catanzaro
2014_11_4,2014,11,4,Sanu Improved and Peytonted,Doug and the Staff Infections,86.46,81.28,Sanu Improved and Peytonted
2014_11_5,2014,11,5,The Alligators,Players of Fortetude,128.8,71.78,The Alligators
2014_11_6,2014,11,6,Jordy 'Shaw,SERPION,97.14,118.92,SERPION
2014_12_1,2014,12,1,IT'S ON LIKE NDAMUKONG,Rivers of Babylon,131.62,149.24,Rivers of Babylon
2014_12_2,2014,12,2,JOSH GORDON'S GANJA ARMY,In The Aeroplane Over Vereen,75.42,105.4,In The Aeroplane Over Vereen
2014_12_3,2014,12,3,Settlers of Catanzaro,Sanu Improved and Peytonted,111.0,123.88,Sanu Improved and Peytonted
2014_12_4,2014,12,4,Kung Fu Russel,The Alligators,72.94,87.9,The Alligators
2014_12_5,2014,12,5,Doug and the Staff Infections,Jordy 'Shaw,40.5,112.46,Jordy 'Shaw
2014_12_6,2014,12,6,Players of Fortetude,SERPION,148.96,108.62,Players of Fortetude
2014_13_1,2014,13,1,IT'S ON LIKE NDAMUKONG,In The Aeroplane Over Vereen,132.76,111.76,IT'S ON LIKE NDAMUKONG
2014_13_2,2014,13,2,Sanu Improved and Peytonted,JOSH GORDON'S GANJA ARMY,101.4,142.3,JOSH GORDON'S GANJA ARMY
2014_13_3,2014,13,3,The Alligators,Rivers of Babylon,118.88,94.2,The Alligators
2014_13_4,2014,13,4,Jordy 'Shaw,Settlers of Catanzaro,88.42,102.2,Settlers of Catanzaro
2014_13_5,2014,13,5,SERPION,Kung Fu Russel,116.54,131.84,Kung Fu Russel
2014_13_6,2014,13,6,Players of Fortetude,Doug and the Staff Infections,105.5,69.6,Players of Fortetude
2014_14_1,2014,14,1,IT'S ON LIKE NDAMUKONG,The Alligators,135.66,103.1,IT'S ON LIKE NDAMUKONG
2014_14_2,2014,14,2,Sanu Improved and Peytonted,In The Aeroplane Over Vereen,77.32,98.5,In The Aeroplane Over Vereen
2014_14_3,2014,14,3,JOSH GORDON'S GANJA ARMY,Jordy 'Shaw,109.26,128.88,Jordy 'Shaw
2014_14_4,2014,14,4,Rivers of Babylon,SERPION,73.88,164.0,SERPION
2014_14_5,2014,14,5,Settlers of Catanzaro,Players of Fortetude,137.84,65.58,Settlers of Catanzaro
2014_14_6,2014,14,6,Kung Fu Russel,Doug and the Staff Infections,119.22,103.7,Kung Fu Russel
2014_15_1,2014,15,1,IT'S ON LIKE NDAMUKONG,Rivers of Babylon,122.02,90.58,IT'S ON LIKE NDAMUKONG
2014_15_2,2014,15,2,Settlers of Catanzaro,Doug and the Staff Infections,146.26,87.3,Settlers of Catanzaro
2014_15_3,2014,15,3,JOSH GORDON'S GANJA ARMY,Kung Fu Russel,65.28,88.52,Kung Fu Russel
2014_15_4,2014,15,4,Jordy 'Shaw,SERPION,85.8,89.5,SERPION
2014_16_1,2014,16,1,IT'S ON LIKE NDAMUKONG,SERPION,88.22,97.98,SERPION
2014_16_2,2014,16,2,Settlers of Catanzaro,Kung Fu Russel,86.2,99.66,Kung Fu Russel
2014_16_3,2014,16,3,Doug and the Staff Infections,JOSH GORDON'S GANJA ARMY,60.86,72.16,JOSH GORDON'S GANJA ARMY
2014_16_4,2014,16,4,Rivers of Babylon,Jordy 'Shaw,118.74,106.22,Rivers of Babylon
2015_1_1,2015,1,1,Fitzmagic in the air,Abdullah Akbar,66.74,99.24,Abdullah Akbar
2015_1_2,2015,1,2,SERPION,Breakdown Justice,97.24,126.8,Breakdown Justice
2015_1_3,2015,1,3,Dez Nuts 2016,Barth Vader defies physics,68.22,94.84,Barth Vader defies physics
2015_1_4,2015,1,4,The Sinking Ship,The Aligators,49.7,118.74,The Aligators
2015_1_5,2015,1,5,Le'Veon a prayer,Rudolph the Red Nosed Tightend,98.8,110.62,Rudolph the Red Nosed Tightend
2015_1_6,2015,1,6,Another Prick in the Ball,Good Luck You Gronks,143.92,82.82,Another Prick in the Ball
2015_1_7,2015,1,7,One Rush to Rule Jamaal,Spare the rod spoil the child,115.86,115.14,One Rush to Rule Jamaal
2015_1_8,2015,1,8,Quantum of Wallace,EGstra Gurley,111.04,106.16,Quantum of Wallace
2015_2_1,2015,2,1,Fitzmagic in the air,Quantum of Wallace,87.72,48.74,Fitzmagic in the air
2015_2_2,2015,2,2,Spare the rod spoil the child,Breakdown Justice,102.86,110.0,Breakdown Justice
2015_2_3,2015,2,3,EGstra Gurley,SERPION,100.66,94.9,EGstra Gurley
2015_2_4,2015,2,4,One Rush to Rule Jamaal,Abdullah Akbar,94.84,112.56,Abdullah Akbar
2015_2_5,2015,2,5,Barth Vader defies physics,Rudolph the Red Nosed Tightend,84.34,109.22,Rudolph the Red Nosed Tightend
2015_2_6,2015,2,6,The Aligators,Le'Veon a prayer,106.96,112.0,Le'Veon a prayer
2015_2_7,2015,2,7,Dez Nuts 2016,Good Luck You Gronks,94.58,112.8,Good Luck You Gronks
2015_2_8,2015,2,8,The Sinking Ship,Another Prick in the Ball,88.34,113.84,Another Prick in the Ball
2015_3_1,2015,3,1,Fitzmagic in the air,Spare the rod spoil the child,96.34,79.18,Fitzmagic in the air
2015_3_2,2015,3,2,Quantum of Wallace,Breakdown Justice,78.98,124.8,Breakdown Justice
2015_3_3,2015,3,3,Another Prick in the Ball,Barth Vader defies physics,105.92,114.8,Barth Vader defies physics
2015_3_4,2015,3,4,The Sinking Ship,Rudolph the Red Nosed Tightend,137.36,107.4,The Sinking Ship
2015_3_5,2015,3,5,One Rush to Rule Jamaal,SERPION,115.48,81.62,One Rush to Rule Jamaal
2015_3_6,2015,3,6,EGstra Gurley,Abdullah Akbar,133.32,98.58,EGstra Gurley
2015_3_7,2015,3,7,Good Luck You Gronks,The Aligators,116.2,91.78,Good Luck You Gronks
2015_3_8,2015,3,8,Dez Nuts 2016,Le'Veon a prayer,91.36,92.24,Le'Veon a prayer
2015_4_1,2015,4,1,Fitzmagic in the air,Another Prick in the Ball,47.86,75.26,Another Prick in the Ball
2015_4_2,2015,4,2,Rudolph the Red Nosed Tightend,Breakdown Justice,98.44,94.36,Rudolph the Red Nosed Tightend
2015_4_3,2015,4,3,Le'Veon a prayer,SERPION,118.28,78.22,Le'Veon a prayer
2015_4_4,2015,4,4,Good Luck You Gronks,Abdullah Akbar,88.72,77.84,Good Luck You Gronks
2015_4_5,2015,4,5,Barth Vader defies physics,Spare the rod spoil the child,56.98,89.6,Spare the rod spoil the child
2015_4_6,2015,4,6,The Aligators,EGstra Gurley,129.44,113.86,The Aligators
2015_4_7,2015,4,7,Dez Nuts 2016,One Rush to Rule Jamaal,90.58,96.2,One Rush to Rule Jamaal
2015_4_8,2015,4,8,The Sinking Ship,Quantum of Wallace,82.72,72.02,The Sinking Ship
2015_5_1,2015,5,1,Fitzmagic in the air,Rudolph the Red Nosed Tightend,121.56,89.36,Fitzmagic in the air
2015_5_2,2015,5,2,Another Prick in the Ball,Breakdown Justice,125.9,103.56,Another Prick in the Ball
2015_5_3,2015,5,3,Quantum of Wallace,Barth Vader defies physics,59.72,85.02,Barth Vader defies physics
2015_5_4,2015,5,4,The Sinking Ship,Spare the rod spoil the child,88.64,91.08,Spare the rod spoil the child
2015_5_5,2015,5,5,Good Luck You Gronks,SERPION,118.92,99.94,Good Luck You Gronks
2015_5_6,2015,5,6,Le'Veon a prayer,Abdullah Akbar,120.94,94.84,Le'Veon a prayer
2015_5_7,2015,5,7,One Rush to Rule Jamaal,The Aligators,109.5,105.92,One Rush to Rule Jamaal
2015_5_8,2015,5,8,EGstra Gurley,Dez Nuts 2016,82.74,127.74,Dez Nuts 2016
2015_6_1,2015,6,1,Fitzmagic in the air,The Sinking Ship,118.12,109.9,Fitzmagic in the air
2015_6_2,2015,6,2,Barth Vader defies physics,Breakdown Justice,94.44,91.06,Barth Vader defies physics
2015_6_3,2015,6,3,The Aligators,SERPION,89.3,116.62,SERPION
2015_6_4,2015,6,4,Dez Nuts 2016,Abdullah Akbar,115.66,104.42,Dez Nuts 2016
2015_6_5,2015,6,5,Rudolph the Red Nosed Tightend,Spare the rod spoil the child,76.5,85.66,Spare the rod spoil the child
2015_6_6,2015,6,6,Le'Veon a prayer,EGstra Gurley,81.74,81.8,EGstra Gurley
2015_6_7,2015,6,7,Good Luck You Gronks,One Rush to Rule Jamaal,87.14,127.42,One Rush to Rule Jamaal
2015_6_8,2015,6,8,Another Prick in the Ball,Quantum of Wallace,96.28,144.4,Quantum of Wallace
2015_7_1,2015,7,1,Fitzmagic in the air,Barth Vader defies physics,119.6,102.2,Fitzmagic in the air
2015_7_2,2015,7,2,The Sinking Ship,Breakdown Justice,78.34,108.88,Breakdown Justice
2015_7_3,2015,7,3,Quantum of Wallace,Rudolph the Red Nosed Tightend,64.44,110.04,Rudolph the Red Nosed Tightend
2015_7_4,2015,7,4,Another Prick in the Ball,Spare the rod spoil the child,108.3,79.7,Another Prick in the Ball
2015_7_5,2015,7,5,Dez Nuts 2016,SERPION,55.0,103.14,SERPION
2015_7_6,2015,7,6,The Aligators,Abdullah Akbar,57.6,94.28,Abdullah Akbar
2015_7_7,2015,7,7,One Rush to Rule Jamaal,Le'Veon a prayer,118.14,85.4,One Rush to Rule Jamaal
2015_7_8,2015,7,8,Good Luck You Gronks,EGstra Gurley,138.52,112.1,Good Luck You Gronks
2015_8_1,2015,8,1,Fitzmagic in the air,SERPION,89.84,87.48,Fitzmagic in the air
2015_8_2,2015,8,2,Abdullah Akbar,Breakdown Justice,69.44,109.42,Breakdown Justice
2015_8_3,2015,8,3,The Aligators,Barth Vader defies physics,119.04,113.9,The Aligators
2015_8_4,2015,8,4,The Sinking Ship,Dez Nuts 2016,88.2,89.7,Dez Nuts 2016
2015_8_5,2015,8,5,Good Luck You Gronks,Rudolph the Red Nosed Tightend,105.34,84.08,Good Luck You Gronks
2015_8_6,2015,8,6,EGstra Gurley,Spare the rod spoil the child,111.68,64.5,EGstra Gurley
2015_8_7,2015,8,7,Quantum of Wallace,One Rush to Rule Jamaal,60.28,74.64,One Rush to Rule Jamaal
2015_8_8,2015,8,8,Another Prick in the Ball,Le'Veon a prayer,111.04,116.56,Le'Veon a prayer
2015_9_1,2015,9,1,Fitzmagic in the air,Breakdown Justice,129.18,112.18,Fitzmagic in the air
2015_9_2,2015,9,2,Abdullah Akbar,SERPION,48.66,157.46,SERPION
2015_9_3,2015,9,3,The Sinking Ship,Barth Vader defies physics,69.74,92.72,Barth Vader defies physics
2015_9_4,2015,9,4,The Aligators,Dez Nuts 2016,140.7,90.22,The Aligators
2015_9_5,2015,9,5,Another Prick in the Ball,Rudolph the Red Nosed Tightend,97.56,92.62,Another Prick in the Ball
2015_9_6,2015,9,6,Good Luck You Gronks,Le'Veon a prayer,79.14,112.88,Le'Veon a prayer
2015_9_7,2015,9,7,EGstra Gurley,One Rush to Rule Jamaal,99.82,97.7,EGstra Gurley
2015_9_8,2015,9,8,Quantum of Wallace,Spare the rod spoil the child,88.02,102.84,Spare the rod spoil the child
2015_10_1,2015,10,1,Fitzmagic in the air,One Rush to Rule Jamaal,101.42,84.18,Fitzmagic in the air
2015_10_2,2015,10,2,The Aligators,Breakdown Justice,146.52,101.58,The Aligators
2015_10_3,2015,10,3,Le'Veon a prayer,Barth Vader defies physics,95.66,76.1,Le'Veon a prayer
2015_10_4,2015,10,4,EGstra Gurley,Rudolph the Red Nosed Tightend,99.52,76.86,EGstra Gurley
2015_10_5,2015,10,5,SERPION,Spare the rod spoil the child,88.1,86.9,SERPION
2015_10_6,2015,10,6,The Sinking Ship,Abdullah Akbar,42.6,58.68,Abdullah Akbar
2015_10_7,2015,10,7,Another Prick in the Ball,Dez Nuts 2016,72.96,84.04,Dez Nuts 2016
2015_10_8,2015,10,8,Quantum of Wallace,Good Luck You Gronks,84.58,105.82,Good Luck You Gronks
2015_11_1,2015,11,1,Fitzmagic in the air,The Sinking Ship,87.94,64.62,Fitzmagic in the air
2015_11_2,2015,11,2,Barth Vader defies physics,Breakdown Justice,88.7,135.44,Breakdown Justice
2015_11_3,2015,11,3,The Aligators,SERPION,55.5,82.04,SERPION
2015_11_4,2015,11,4,Dez Nuts 2016,Abdullah Akbar,62.16,85.7,Abdullah Akbar
2015_11_5,2015,11,5,Le'Veon a prayer,EGstra Gurley,84.28,76.08,Le'Veon a prayer
2015_11_6,2015,11,6,Good Luck You Gronks,One Rush to Rule Jamaal,57.08,53.16,Good Luck You Gronks
2015_11_7,2015,11,7,Another Prick in the Ball,Quantum of Wallace,94.48,86.98,Another Prick in the Ball
2015_11_8,2015,11,8,Rudolph the Red Nosed Tightend,Spare the rod spoil the child,89.2,105.24,Spare the rod spoil the child
2015_12_1,2015,12,1,Fitzmagic in the air,Another Prick in the Ball,108.08,109.1,Another Prick in the Ball
2015_12_2,2015,12,2,Rudolph the Red Nosed Tightend,Breakdown Justice,78.0,120.82,Breakdown Justice
2015_12_3,2015,12,3,Le'Veon a prayer,SERPION,104.44,92.14,Le'Veon a prayer
2015_12_4,2015,12,4,Good Luck You Gronks,Abdullah Akbar,97.46,117.72,Abdullah Akbar
2015_12_5,2015,12,5,Barth Vader defies physics,Spare the rod spoil the child,105.9,123.24,Spare the rod spoil the child
2015_12_6,2015,12,6,The Aligators,EGstra Gurley,90.5,80.88,The Aligators
2015_12_7,2015,12,7,Dez Nuts 2016,One Rush to Rule Jamaal,71.54,69.8,Dez Nuts 2016
2015_12_8,2015,12,8,The Sinking Ship,Quantum of Wallace,78.0,101.68,Quantum of Wallace
2015_13_1,2015,13,1,Fitzmagic in the air,Quantum of Wallace,126.24,60.4,Fitzmagic in the air
2015_13_2,2015,13,2,Spare the rod spoil the child,Breakdown Justice,120.36,106.74,Spare the rod spoil the child
2015_13_3,2015,13,3,EGstra Gurley,SERPION,110.62,150.82,SERPION
2015_13_4,2015,13,4,One Rush to Rule Jamaal,Abdullah Akbar,110.62,92.8,One Rush to Rule Jamaal
2015_13_5,2015,13,5,Barth Vader defies physics,Rudolph the Red Nosed Tightend,90.66,84.46,Barth Vader defies physics
2015_13_6,2015,13,6,The Aligators,Le'Veon a prayer,113.18,90.54,The Aligators
2015_13_7,2015,13,7,Dez Nuts 2016,Good Luck You Gronks,70.18,104.58,Good Luck You Gronks
2015_13_8,2015,13,8,The Sinking Ship,Another Prick in the Ball,102.28,121.68,Another Prick in the Ball
2015_14_1,2015,14,1,Dez Nuts 2016,Barth Vader defies physics,69.38,96.28,Barth Vader defies physics
2015_14_2,2015,14,2,EGstra Gurley,Quantum of Wallace,110.92,71.34,EGstra Gurley
2015_14_3,2015,14,3,Spare the rod spoil the child,Another Prick in the Ball,103.08,86.34,Spare the rod spoil the child
2015_14_4,2015,14,4,Good Luck You Gronks,One Rush to Rule Jamaal,91.0,99.42,One Rush to Rule Jamaal
2015_15_1,2015,15,1,Fitzmagic in the air,One Rush to Rule Jamaal,68.16,104.34,One Rush to Rule Jamaal
2015_15_2,2015,15,2,The Sinking Ship,Dez Nuts 2016,104.74,107.2,Dez Nuts 2016
2015_15_3,2015,15,3,Quantum of Wallace,Rudolph the Red Nosed Tightend,105.76,104.24,Quantum of Wallace
2015_15_4,2015,15,4,Spare the rod spoil the child,Le'Veon a prayer,117.2,118.76,Le'Veon a prayer
2015_16_1,2015,16,1,Fitzmagic in the air,Spare the rod spoil the child,46.9,118.3,Spare the rod spoil the child
2015_16_2,2015,16,2,Dez Nuts 2016,Quantum of Wallace,83.56,64.34,Dez Nuts 2016
2015_16_3,2015,16,3,The Sinking Ship,Rudolph the Red Nosed Tightend,61.5,81.44,Rudolph the Red Nosed Tightend
2015_16_4,2015,16,4,EGstra Gurley,Barth Vader defies physics,108.64,92.46,EGstra Gurley
2015_16_5,2015,16,5,One Rush to Rule Jamaal,Le'Veon a prayer,85.88,72.7,One Rush to Rule Jamaal
2015_16_6,2015,16,6,Another Prick in the Ball,Good Luck You Gronks,90.34,104.02,Good Luck You Gronks
2016_1_1,2016,1,1,Teifert Fever,Leeannacondas,105.66,106.1,Leeannacondas
2016_1_2,2016,1,2,Ah Maclin you've done it again,Can we Fitz it- yes we Charcan,107.32,150.66,Can we Fitz it- yes we Charcan
2016_1_3,2016,1,3,The Aligators,Thomas the Tank Engine,99.32,81.48,The Aligators
2016_1_4,2016,1,4,Gordon Ramseys Cooking Wares,The Adams Family,130.0,95.1,Gordon Ramseys Cooking Wares
2016_1_5,2016,1,5,SERPION,All you Snead is love,96.94,124.16,All you Snead is love
2016_1_6,2016,1,6,Meet the Winstons,Forte Year Old Virgin,118.04,98.0,Meet the Winstons
2016_1_7,2016,1,7,Fire Up the Coleman Grill,Gotta catch Jamaal,99.02,76.04,Fire Up the Coleman Grill
2016_1_8,2016,1,8,Donte Go Breaking My Heart,Daisy Duke Johnsons on Top,90.14,70.2,Donte Go Breaking My Heart
2016_2_1,2016,2,1,Teifert Fever,Daisy Duke Johnsons on Top,98.22,87.76,Teifert Fever
2016_2_2,2016,2,2,Fire Up the Coleman Grill,Can we Fitz it- yes we Charcan,71.56,112.94,Can we Fitz it- yes we Charcan
2016_2_3,2016,2,3,Donte Go Breaking My Heart,Ah Maclin you've done it again,105.72,94.96,Donte Go Breaking My Heart
2016_2_4,2016,2,4,Gotta catch Jamaal,Leeannacondas,145.54,123.76,Gotta catch Jamaal
2016_2_5,2016,2,5,Thomas the Tank Engine,All you Snead is love,63.52,117.22,All you Snead is love
2016_2_6,2016,2,6,The Adams Family,SERPION,77.68,95.46,SERPION
2016_2_7,2016,2,7,The Aligators,Meet the Winstons,65.28,64.52,The Aligators
2016_2_8,2016,2,8,Forte Year Old Virgin,Gordon Ramseys Cooking Wares,130.5,93.06,Forte Year Old Virgin
2016_3_1,2016,3,1,Teifert Fever,Fire Up the Coleman Grill,83.5,121.42,Fire Up the Coleman Grill
2016_3_2,2016,3,2,Daisy Duke Johnsons on Top,Can we Fitz it- yes we Charcan,82.96,136.3,Can we Fitz it- yes we Charcan
2016_3_3,2016,3,3,Thomas the Tank Engine,Forte Year Old Virgin,109.3,105.7,Thomas the Tank Engine
2016_3_4,2016,3,4,All you Snead is love,Gordon Ramseys Cooking Wares,101.18,74.38,All you Snead is love
2016_3_5,2016,3,5,Gotta catch Jamaal,Ah Maclin you've done it again,108.78,73.16,Gotta catch Jamaal
2016_3_6,2016,3,6,Donte Go Breaking My Heart,Leeannacondas,114.24,94.76,Donte Go Breaking My Heart
2016_3_7,2016,3,7,Meet the Winstons,The Adams Family,102.7,104.54,The Adams Family
2016_3_8,2016,3,8,SERPION,The Aligators,125.38,109.06,SERPION
2016_4_1,2016,4,1,Teifert Fever,Forte Year Old Virgin,61.44,101.22,Forte Year Old Virgin
2016_4_2,2016,4,2,All you Snead is love,Can we Fitz it- yes we Charcan,119.8,121.52,Can we Fitz it- yes we Charcan
2016_4_3,2016,4,3,SERPION,Ah Maclin you've done it again,124.82,93.96,SERPION
2016_4_4,2016,4,4,Meet the Winstons,Leeannacondas,103.06,149.08,Leeannacondas
2016_4_5,2016,4,5,Thomas the Tank Engine,Fire Up the Coleman Grill,66.24,116.8,Fire Up the Coleman Grill
2016_4_6,2016,4,6,The Adams Family,Donte Go Breaking My Heart,77.56,63.64,The Adams Family
2016_4_7,2016,4,7,The Aligators,Gotta catch Jamaal,82.32,86.78,Gotta catch Jamaal
2016_4_8,2016,4,8,Daisy Duke Johnsons on Top,Gordon Ramseys Cooking Wares,82.18,103.4,Gordon Ramseys Cooking Wares
2016_5_1,2016,5,1,Teifert Fever,All you Snead is love,94.66,47.62,Teifert Fever
2016_5_2,2016,5,2,Forte Year Old Virgin,Can we Fitz it- yes we Charcan,89.5,121.44,Can we Fitz it- yes we Charcan
2016_5_3,2016,5,3,Daisy Duke Johnsons on Top,Thomas the Tank Engine,82.86,86.16,Thomas the Tank Engine
2016_5_4,2016,5,4,Gordon Ramseys Cooking Wares,Fire Up the Coleman Grill,103.3,139.38,Fire Up the Coleman Grill
2016_5_5,2016,5,5,Meet the Winstons,Ah Maclin you've done it again,85.36,81.78,Meet the Winstons
2016_5_6,2016,5,6,SERPION,Leeannacondas,120.76,129.08,Leeannacondas
2016_5_7,2016,5,7,Gotta catch Jamaal,The Adams Family,128.62,90.08,Gotta catch Jamaal
2016_5_8,2016,5,8,Donte Go Breaking My Heart,The Aligators,83.56,89.28,The Aligators
2016_6_1,2016,6,1,Teifert Fever,Gordon Ramseys Cooking Wares,59.56,90.86,Gordon Ramseys Cooking Wares
2016_6_2,2016,6,2,Thomas the Tank Engine,Can we Fitz it- yes we Charcan,125.32,113.34,Thomas the Tank Engine
2016_6_3,2016,6,3,The Adams Family,Ah Maclin you've done it again,133.88,65.7,The Adams Family
2016_6_4,2016,6,4,The Aligators,Leeannacondas,92.1,66.84,The Aligators
2016_6_5,2016,6,5,All you Snead is love,Fire Up the Coleman Grill,87.28,71.84,All you Snead is love
2016_6_6,2016,6,6,Donte Go Breaking My Heart,SERPION,84.6,103.82,SERPION
2016_6_7,2016,6,7,Gotta catch Jamaal,Meet the Winstons,109.36,114.08,Meet the Winstons
2016_6_8,2016,6,8,Forte Year Old Virgin,Daisy Duke Johnsons on Top,100.4,79.76,Forte Year Old Virgin
2016_7_1,2016,7,1,Teifert Fever,Thomas the Tank Engine,94.24,115.84,Thomas the Tank Engine
2016_7_2,2016,7,2,Gordon Ramseys Cooking Wares,Can we Fitz it- yes we Charcan,115.92,123.58,Can we Fitz it- yes we Charcan
2016_7_3,2016,7,3,Daisy Duke Johnsons on Top,All you Snead is love,73.44,126.76,All you Snead is love
2016_7_4,2016,7,4,Forte Year Old Virgin,Fire Up the Coleman Grill,87.54,79.5,Forte Year Old Virgin
2016_7_5,2016,7,5,The Aligators,Ah Maclin you've done it again,101.42,82.6,The Aligators
2016_7_6,2016,7,6,The Adams Family,Leeannacondas,89.92,131.14,Leeannacondas
2016_7_7,2016,7,7,SERPION,Gotta catch Jamaal,88.98,82.92,SERPION
2016_7_8,2016,7,8,Donte Go Breaking My Heart,Meet the Winstons,81.38,72.66,Donte Go Breaking My Heart
2016_8_1,2016,8,1,Teifert Fever,Ah Maclin you've done it again,114.34,57.7,Teifert Fever
2016_8_2,2016,8,2,Leeannacondas,Can we Fitz it- yes we Charcan,126.08,107.4,Leeannacondas
2016_8_3,2016,8,3,The Adams Family,Thomas the Tank Engine,85.8,92.04,Thomas the Tank Engine
2016_8_4,2016,8,4,Gordon Ramseys Cooking Wares,The Aligators,87.82,92.4,The Aligators
2016_8_5,2016,8,5,Meet the Winstons,All you Snead is love,69.1,81.38,All you Snead is love
2016_8_6,2016,8,6,Forte Year Old Virgin,SERPION,103.2,121.92,SERPION
2016_8_7,2016,8,7,Donte Go Breaking My Heart,Fire Up the Coleman Grill,105.0,75.02,Donte Go Breaking My Heart
2016_8_8,2016,8,8,Gotta catch Jamaal,Daisy Duke Johnsons on Top,74.58,120.32,Daisy Duke Johnsons on Top
2016_9_1,2016,9,1,Teifert Fever,Can we Fitz it- yes we Charcan,97.68,74.38,Teifert Fever
2016_9_2,2016,9,2,Leeannacondas,Ah Maclin you've done it again,145.48,54.96,Leeannacondas
2016_9_3,2016,9,3,Gordon Ramseys Cooking Wares,Thomas the Tank Engine,115.36,111.28,Gordon Ramseys Cooking Wares
2016_9_4,2016,9,4,The Adams Family,The Aligators,63.24,148.82,The Aligators
2016_9_5,2016,9,5,Forte Year Old Virgin,All you Snead is love,75.86,104.1,All you Snead is love
2016_9_6,2016,9,6,Meet the Winstons,SERPION,65.82,75.86,SERPION
2016_9_7,2016,9,7,Daisy Duke Johnsons on Top,Fire Up the Coleman Grill,66.86,92.38,Fire Up the Coleman Grill
2016_9_8,2016,9,8,Gotta catch Jamaal,Donte Go Breaking My Heart,50.96,95.9,Donte Go Breaking My Heart
2016_10_1,2016,10,1,Teifert Fever,Gotta catch Jamaal,115.94,73.04,Teifert Fever
2016_10_2,2016,10,2,The Adams Family,Can we Fitz it- yes we Charcan,98.06,121.04,Can we Fitz it- yes we Charcan
2016_10_3,2016,10,3,SERPION,Thomas the Tank Engine,103.74,66.2,SERPION
2016_10_4,2016,10,4,Donte Go Breaking My Heart,All you Snead is love,106.9,105.74,Donte Go Breaking My Heart
2016_10_5,2016,10,5,Ah Maclin you've done it again,Fire Up the Coleman Grill,52.1,95.36,Fire Up the Coleman Grill
2016_10_6,2016,10,6,Gordon Ramseys Cooking Wares,Leeannacondas,113.22,138.78,Leeannacondas
2016_10_7,2016,10,7,Forte Year Old Virgin,The Aligators,122.82,77.82,Forte Year Old Virgin
2016_10_8,2016,10,8,Daisy Duke Johnsons on Top,Meet the Winstons,77.22,92.48,Meet the Winstons
2016_11_1,2016,11,1,Teifert Fever,Gordon Ramseys Cooking Wares,112.34,104.08,Teifert Fever
2016_11_2,2016,11,2,Thomas the Tank Engine,Can we Fitz it- yes we Charcan,65.34,121.7,Can we Fitz it- yes we Charcan
2016_11_3,2016,11,3,The Adams Family,Ah Maclin you've done it again,105.78,96.0,The Adams Family
2016_11_4,2016,11,4,The Aligators,Leeannacondas,80.2,82.2,Leeannacondas
2016_11_5,2016,11,5,Fire Up the Coleman Grill,All you Snead is love,93.24,96.98,All you Snead is love
2016_11_6,2016,11,6,SERPION,Donte Go Breaking My Heart,92.58,86.28,SERPION
2016_11_7,2016,11,7,Meet the Winstons,Gotta catch Jamaal,94.04,110.5,Gotta catch Jamaal
2016_11_8,2016,11,8,Forte Year Old Virgin,Daisy Duke Johnsons on Top,78.52,96.24,Daisy Duke Johnsons on Top
2016_12_1,2016,12,1,Teifert Fever,Forte Year Old Virgin,96.72,68.08,Teifert Fever
2016_12_2,2016,12,2,All you Snead is love,Can we Fitz it- yes we Charcan,81.14,117.94,Can we Fitz it- yes we Charcan
2016_12_3,2016,12,3,SERPION,Ah Maclin you've done it again,111.2,76.56,SERPION
2016_12_4,2016,12,4,Meet the Winstons,Leeannacondas,135.94,106.34,Meet the Winstons
2016_12_5,2016,12,5,Fire Up the Coleman Grill,Thomas the Tank Engine,116.7,102.06,Fire Up the Coleman Grill
2016_12_6,2016,12,6,Donte Go Breaking My Heart,The Adams Family,74.48,96.96,The Adams Family
2016_12_7,2016,12,7,The Aligators,Gotta catch Jamaal,130.2,104.86,The Aligators
2016_12_8,2016,12,8,Gordon Ramseys Cooking Wares,Daisy Duke Johnsons on Top,87.34,104.36,Daisy Duke Johnsons on Top
2016_13_1,2016,13,1,Teifert Fever,Daisy Duke Johnsons on Top,82.76,67.2,Teifert Fever
2016_13_2,2016,13,2,Donte Go Breaking My Heart,Ah Maclin you've done it again,79.2,56.98,Donte Go Breaking My Heart
2016_13_3,2016,13,3,Fire Up the Coleman Grill,Can we Fitz it- yes we Charcan,76.96,108.56,Can we Fitz it- yes we Charcan
2016_13_4,2016,13,4,Leeannacondas,Gotta catch Jamaal,96.94,92.54,Leeannacondas
2016_13_5,2016,13,5,Thomas the Tank Engine,All you Snead is love,89.74,63.98,Thomas the Tank Engine
2016_13_6,2016,13,6,The Adams Family,SERPION,70.02,81.94,SERPION
2016_13_7,2016,13,7,The Aligators,Meet the Winstons,99.14,74.66,The Aligators
2016_13_8,2016,13,8,Forte Year Old Virgin,Gordon Ramseys Cooking Wares,125.94,137.66,Gordon Ramseys Cooking Wares
2016_14_1,2016,14,1,Teifert Fever,Leeannacondas,75.24,70.62,Teifert Fever
2016_14_2,2016,14,2,Thomas the Tank Engine,The Adams Family,71.72,124.34,The Adams Family
2016_14_3,2016,14,3,Meet the Winstons,Gordon Ramseys Cooking Wares,98.66,55.2,Meet the Winstons
2016_14_4,2016,14,4,The Aligators,Donte Go Breaking My Heart,69.18,88.9,Donte Go Breaking My Heart
2016_15_1,2016,15,1,Teifert Fever,Can we Fitz it- yes we Charcan,68.58,78.12,Can we Fitz it- yes we Charcan
2016_15_2,2016,15,2,Ah Maclin you've done it again,Gordon Ramseys Cooking Wares,82.04,121.84,Gordon Ramseys Cooking Wares
2016_15_3,2016,15,3,Thomas the Tank Engine,Daisy Duke Johnsons on Top,74.34,106.14,Daisy Duke Johnsons on Top
2016_15_4,2016,15,4,SERPION,Donte Go Breaking My Heart,110.32,96.14,SERPION
2016_16_1,2016,16,1,Teifert Fever,Donte Go Breaking My Heart,74.38,84.08,Donte Go Breaking My Heart
2016_16_2,2016,16,2,Ah Maclin you've done it again,Thomas the Tank Engine,90.98,70.74,Ah Maclin you've done it again
2016_16_3,2016,16,3,Daisy Duke Johnsons on Top,Gordon Ramseys Cooking Wares,61.18,111.76,Gordon Ramseys Cooking Wares
2016_16_4,2016,16,4,The Adams Family,Meet the Winstons,101.72,61.78,The Adams Family
2016_16_5,2016,16,5,SERPION,Can we Fitz it- yes we Charcan,74.56,116.46,Can we Fitz it- yes we Charcan
2016_16_6,2016,16,6,Leeannacondas,The Aligators,135.96,127.36,Leeannacondas
2017_1_1,2017,1,1,The Aligators,DIGGS IS HOW WE DO IT,83.98,134.98,DIGGS IS HOW WE DO IT
2017_1_2,2017,1,2,lynching jordies,SERPION,92.38,103.12,SERPION
2017_1_3,2017,1,3,Leeannacondas,Ring my Bell,90.74,102.52,Ring my Bell
2017_1_4,2017,1,4,Murray'd with Children,Wake up Mr Freeman,83.5,69.82,Murray'd with Children
2017_1_5,2017,1,5,Kandys Konservatives,Daisy Duke Johnsons on Top,76.34,92.34,Daisy Duke Johnsons on Top
2017_1_6,2017,1,6,All you Snead is love,Look Morty I'm Charcand-Rick,69.44,96.3,Look Morty I'm Charcand-Rick
2017_1_7,2017,1,7,Chicken Karama with rice,Unleash the DemoGordon,55.44,97.12,Unleash the DemoGordon
2017_1_8,2017,1,8,Meet the Winstons,The Adams Family,94.54,80.78,Meet the Winstons
2017_2_1,2017,2,1,Unleash the DemoGordon,DIGGS IS HOW WE DO IT,136.92,93.3,Unleash the DemoGordon
2017_2_2,2017,2,2,Meet the Winstons,The Aligators,80.76,76.64,Meet the Winstons
2017_2_3,2017,2,3,Chicken Karama with rice,SERPION,47.68,72.82,SERPION
2017_2_4,2017,2,4,The Adams Family,lynching jordies,116.98,92.08,The Adams Family
2017_2_5,2017,2,5,Ring my Bell,Daisy Duke Johnsons on Top,101.52,79.2,Ring my Bell
2017_2_6,2017,2,6,Wake up Mr Freeman,Kandys Konservatives,112.38,96.02,Wake up Mr Freeman
2017_2_7,2017,2,7,Leeannacondas,Look Morty I'm Charcand-Rick,121.22,80.56,Leeannacondas
2017_2_8,2017,2,8,All you Snead is love,Murray'd with Children,93.44,62.0,All you Snead is love
2017_3_1,2017,3,1,The Adams Family,DIGGS IS HOW WE DO IT,146.06,98.72,The Adams Family
2017_3_2,2017,3,2,Unleash the DemoGordon,lynching jordies,59.3,106.12,lynching jordies
2017_3_3,2017,3,3,All you Snead is love,Ring my Bell,128.8,114.12,All you Snead is love
2017_3_4,2017,3,4,Murray'd with Children,Daisy Duke Johnsons on Top,74.2,103.1,Daisy Duke Johnsons on Top
2017_3_5,2017,3,5,The Aligators,Chicken Karama with rice,126.68,93.16,The Aligators
2017_3_6,2017,3,6,Meet the Winstons,SERPION,70.42,105.32,SERPION
2017_3_7,2017,3,7,Wake up Mr Freeman,Look Morty I'm Charcand-Rick,76.26,75.7,Wake up Mr Freeman
2017_3_8,2017,3,8,Leeannacondas,Kandys Konservatives,64.02,38.68,Leeannacondas
2017_4_1,2017,4,1,Daisy Duke Johnsons on Top,DIGGS IS HOW WE DO IT,71.34,105.92,DIGGS IS HOW WE DO IT
2017_4_2,2017,4,2,Kandys Konservatives,The Aligators,86.72,75.68,Kandys Konservatives
2017_4_3,2017,4,3,Look Morty I'm Charcand-Rick,SERPION,93.7,92.78,Look Morty I'm Charcand-Rick
2017_4_4,2017,4,4,All you Snead is love,lynching jordies,86.72,96.88,lynching jordies
2017_4_5,2017,4,5,Ring my Bell,Unleash the DemoGordon,109.1,75.84,Ring my Bell
2017_4_6,2017,4,6,Wake up Mr Freeman,Meet the Winstons,71.68,110.98,Meet the Winstons
2017_4_7,2017,4,7,Chicken Karama with rice,Leeannacondas,71.98,112.96,Leeannacondas
2017_4_8,2017,4,8,The Adams Family,Murray'd with Children,95.76,93.48,The Adams Family
2017_5_1,2017,5,1,All you Snead is love,DIGGS IS HOW WE DO IT,101.52,77.36,All you Snead is love
2017_5_2,2017,5,2,Daisy Duke Johnsons on Top,lynching jordies,126.22,98.72,Daisy Duke Johnsons on Top
2017_5_3,2017,5,3,The Adams Family,Ring my Bell,101.76,92.72,The Adams Family
2017_5_4,2017,5,4,Murray'd with Children,Unleash the DemoGordon,65.24,90.38,Unleash the DemoGordon
2017_5_5,2017,5,5,The Aligators,Look Morty I'm Charcand-Rick,108.16,67.4,The Aligators
2017_5_6,2017,5,6,Kandys Konservatives,SERPION,101.44,106.54,SERPION
2017_5_7,2017,5,7,Wake up Mr Freeman,Chicken Karama with rice,83.04,55.7,Wake up Mr Freeman
2017_5_8,2017,5,8,Leeannacondas,Meet the Winstons,103.94,77.86,Leeannacondas
2017_6_1,2017,6,1,Ring my Bell,DIGGS IS HOW WE DO IT,124.88,80.64,Ring my Bell
2017_6_2,2017,6,2,Wake up Mr Freeman,The Aligators,86.32,88.78,The Aligators
2017_6_3,2017,6,3,Leeannacondas,SERPION,109.52,95.06,Leeannacondas
2017_6_4,2017,6,4,Murray'd with Children,lynching jordies,90.76,104.98,lynching jordies
2017_6_5,2017,6,5,Daisy Duke Johnsons on Top,Unleash the DemoGordon,94.52,115.18,Unleash the DemoGordon
2017_6_6,2017,6,6,Kandys Konservatives,Meet the Winstons,69.3,90.34,Meet the Winstons
2017_6_7,2017,6,7,Chicken Karama with rice,Look Morty I'm Charcand-Rick,93.42,70.1,Chicken Karama with rice
2017_6_8,2017,6,8,All you Snead is love,The Adams Family,86.84,119.88,The Adams Family
2017_7_1,2017,7,1,Meet the Winstons,DIGGS IS HOW WE DO IT,111.26,138.78,DIGGS IS HOW WE DO IT
2017_7_2,2017,7,2,Unleash the DemoGordon,The Aligators,69.26,113.32,The Aligators
2017_7_3,2017,7,3,The Adams Family,SERPION,115.5,84.86,The Adams Family
2017_7_4,2017,7,4,lynching jordies,Chicken Karama with rice,85.46,84.22,lynching jordies
2017_7_5,2017,7,5,Kandys Konservatives,Ring my Bell,73.24,86.56,Ring my Bell
2017_7_6,2017,7,6,Wake up Mr Freeman,Daisy Duke Johnsons on Top,67.78,69.62,Daisy Duke Johnsons on Top
2017_7_7,2017,7,7,All you Snead is love,Leeannacondas,80.44,104.32,Leeannacondas
2017_7_8,2017,7,8,Look Morty I'm Charcand-Rick,Murray'd with Children,92.32,104.02,Murray'd with Children
2017_8_1,2017,8,1,DIGGS IS HOW WE DO IT,Murray'd with Children,110.68,88.9,DIGGS IS HOW WE DO IT
2017_8_2,2017,8,2,Ring my Bell,lynching jordies,113.08,96.92,Ring my Bell
2017_8_3,2017,8,3,The Adams Family,Daisy Duke Johnsons on Top,90.12,93.98,Daisy Duke Johnsons on Top
2017_8_4,2017,8,4,All you Snead is love,Unleash the DemoGordon,66.86,123.88,Unleash the DemoGordon
2017_8_5,2017,8,5,Leeannacondas,The Aligators,133.52,71.64,Leeannacondas
2017_8_6,2017,8,6,Wake up Mr Freeman,SERPION,55.72,130.72,SERPION
2017_8_7,2017,8,7,Chicken Karama with rice,Kandys Konservatives,58.06,95.38,Kandys Konservatives
2017_8_8,2017,8,8,Meet the Winstons,Look Morty I'm Charcand-Rick,125.7,68.82,Meet the Winstons
2017_9_1,2017,9,1,SERPION,DIGGS IS HOW WE DO IT,102.36,96.82,SERPION
2017_9_2,2017,9,2,lynching jordies,The Aligators,77.7,89.46,The Aligators
2017_9_3,2017,9,3,Wake up Mr Freeman,Ring my Bell,81.92,105.18,Ring my Bell
2017_9_4,2017,9,4,Murray'd with Children,Leeannacondas,102.4,78.6,Murray'd with Children
2017_9_5,2017,9,5,Look Morty I'm Charcand-Rick,Daisy Duke Johnsons on Top,89.38,107.12,Daisy Duke Johnsons on Top
2017_9_6,2017,9,6,Kandys Konservatives,All you Snead is love,76.68,107.82,All you Snead is love
2017_9_7,2017,9,7,Meet the Winstons,Unleash the DemoGordon,73.18,71.36,Meet the Winstons
2017_9_8,2017,9,8,Chicken Karama with rice,The Adams Family,72.22,108.64,The Adams Family
2017_10_1,2017,10,1,lynching jordies,DIGGS IS HOW WE DO IT,95.64,88.74,lynching jordies
2017_10_2,2017,10,2,SERPION,The Aligators,111.64,66.0,SERPION
2017_10_3,2017,10,3,Murray'd with Children,Ring my Bell,87.24,105.12,Ring my Bell
2017_10_4,2017,10,4,Leeannacondas,Wake up Mr Freeman,103.68,85.88,Leeannacondas
2017_10_5,2017,10,5,All you Snead is love,Daisy Duke Johnsons on Top,76.36,95.96,Daisy Duke Johnsons on Top
2017_10_6,2017,10,6,Kandys Konservatives,Look Morty I'm Charcand-Rick,120.36,110.38,Kandys Konservatives
2017_10_7,2017,10,7,Unleash the DemoGordon,The Adams Family,83.2,95.76,The Adams Family
2017_10_8,2017,10,8,Chicken Karama with rice,Meet the Winstons,64.6,80.78,Meet the Winstons
2017_11_1,2017,11,1,Ring my Bell,DIGGS IS HOW WE DO IT,127.32,82.5,Ring my Bell
2017_11_2,2017,11,2,The Aligators,Wake up Mr Freeman,99.62,36.1,The Aligators
2017_11_3,2017,11,3,Leeannacondas,SERPION,126.66,74.2,Leeannacondas
2017_11_4,2017,11,4,lynching jordies,Murray'd with Children,79.9,70.88,lynching jordies
2017_11_5,2017,11,5,Daisy Duke Johnsons on Top,Unleash the DemoGordon,110.84,77.94,Daisy Duke Johnsons on Top
2017_11_6,2017,11,6,Kandys Konservatives,Meet the Winstons,71.86,77.4,Meet the Winstons
2017_11_7,2017,11,7,Look Morty I'm Charcand-Rick,Chicken Karama with rice,114.08,116.0,Chicken Karama with rice
2017_11_8,2017,11,8,All you Snead is love,The Adams Family,81.9,120.36,The Adams Family
2017_12_1,2017,12,1,Daisy Duke Johnsons on Top,DIGGS IS HOW WE DO IT,101.76,95.96,Daisy Duke Johnsons on Top
2017_12_2,2017,12,2,Kandys Konservatives,The Aligators,104.02,85.42,Kandys Konservatives
2017_12_3,2017,12,3,Look Morty I'm Charcand-Rick,SERPION,93.38,68.66,Look Morty I'm Charcand-Rick
2017_12_4,2017,12,4,lynching jordies,All you Snead is love,115.48,56.74,lynching jordies
2017_12_5,2017,12,5,Ring my Bell,Unleash the DemoGordon,108.12,80.16,Ring my Bell
2017_12_6,2017,12,6,Wake up Mr Freeman,Meet the Winstons,94.34,90.76,Wake up Mr Freeman
2017_12_7,2017,12,7,Leeannacondas,Chicken Karama with rice,101.34,160.18,Chicken Karama with rice
2017_12_8,2017,12,8,Murray'd with Children,The Adams Family,63.72,99.9,The Adams Family
2017_13_1,2017,13,1,Unleash the DemoGordon,DIGGS IS HOW WE DO IT,95.16,90.94,Unleash the DemoGordon
2017_13_2,2017,13,2,Meet the Winstons,The Aligators,96.6,98.52,The Aligators
2017_13_3,2017,13,3,Chicken Karama with rice,SERPION,106.22,86.78,Chicken Karama with rice
2017_13_4,2017,13,4,The Adams Family,lynching jordies,93.48,95.92,lynching jordies
2017_13_5,2017,13,5,Ring my Bell,Daisy Duke Johnsons on Top,128.28,85.6,Ring my Bell
2017_13_6,2017,13,6,Kandys Konservatives,Wake up Mr Freeman,92.02,60.9,Kandys Konservatives
2017_13_7,2017,13,7,Look Morty I'm Charcand-Rick,Leeannacondas,70.04,121.0,Leeannacondas
2017_13_8,2017,13,8,Murray'd with Children,All you Snead is love,67.9,74.76,All you Snead is love
2017_14_1,2017,14,1,Chicken Karama with rice,DIGGS IS HOW WE DO IT,97.64,78.42,Chicken Karama with rice
2017_14_2,2017,14,2,Kandys Konservatives,Wake up Mr Freeman,65.08,88.5,Wake up Mr Freeman
2017_14_3,2017,14,3,Meet the Winstons,Daisy Duke Johnsons on Top,121.4,102.06,Meet the Winstons
2017_14_4,2017,14,4,Leeannacondas,lynching jordies,107.94,142.82,lynching jordies
2017_15_1,2017,15,1,Murray'd with Children,DIGGS IS HOW WE DO IT,56.66,122.84,DIGGS IS HOW WE DO IT
2017_15_2,2017,15,2,Kandys Konservatives,Look Morty I'm Charcand-Rick,81.98,86.84,Look Morty I'm Charcand-Rick
2017_15_3,2017,15,3,The Adams Family,Meet the Winstons,138.08,109.96,The Adams Family
2017_15_4,2017,15,4,lynching jordies,Ring my Bell,109.42,111.38,Ring my Bell
2017_16_1,2017,16,1,DIGGS IS HOW WE DO IT,Look Morty I'm Charcand-Rick,92.28,79.56,DIGGS IS HOW WE DO IT
2017_16_2,2017,16,2,Murray'd with Children,Kandys Konservatives,72.74,68.2,Murray'd with Children
2017_16_3,2017,16,3,Wake up Mr Freeman,Chicken Karama with rice,62.0,69.32,Chicken Karama with rice
2017_16_4,2017,16,4,The Adams Family,Ring my Bell,115.02,96.12,The Adams Family
2017_16_5,2017,16,5,Meet the Winstons,lynching jordies,89.98,50.26,Meet the Winstons
2017_16_6,2017,16,6,Daisy Duke Johnsons on Top,Leeannacondas,78.5,106.94,Leeannacondas
2018_1_1,2018,1,1,Economic Gurley Men,Huey Lewis and the News,103.84,106.04,Huey Lewis and the News
2018_1_2,2018,1,2,Sack Crack n Dak,The Ertz Lockett,96.4,106.96,The Ertz Lockett
2018_1_3,2018,1,3,Harder Breida Faster Stronger,Standard Deviations,75.8,139.92,Standard Deviations
2018_1_4,2018,1,4,Kandys Konservative Koalition,Leeannacondas,72.26,69.94,Kandys Konservative Koalition
2018_1_5,2018,1,5,Kelce me rollin they hatin,L'Ebron James,123.06,90.04,Kelce me rollin they hatin
2018_1_6,2018,1,6,Wake up Mr Freeman,Chicken Karama with rice,66.96,106.94,Chicken Karama with rice
2018_1_7,2018,1,7,Peaches and Kareem,The Stafford wives,114.48,115.04,The Stafford wives
2018_1_8,2018,1,8,The Aligators,SERPION,142.44,92.92,The Aligators
2018_2_1,2018,2,1,The Stafford wives,Huey Lewis and the News,81.48,111.3,Huey Lewis and the News
2018_2_2,2018,2,2,SERPION,Economic Gurley Men,122.04,113.0,SERPION
2018_2_3,2018,2,3,Peaches and Kareem,The Ertz Lockett,100.26,116.52,The Ertz Lockett
2018_2_4,2018,2,4,The Aligators,Sack Crack n Dak,144.54,79.6,The Aligators
2018_2_5,2018,2,5,Standard Deviations,L'Ebron James,83.26,91.74,L'Ebron James
2018_2_6,2018,2,6,Leeannacondas,Kelce me rollin they hatin,104.68,139.1,Kelce me rollin they hatin
2018_2_7,2018,2,7,Harder Breida Faster Stronger,Chicken Karama with rice,123.88,107.8,Harder Breida Faster Stronger
2018_2_8,2018,2,8,Wake up Mr Freeman,Kandys Konservative Koalition,63.64,62.06,Wake up Mr Freeman
2018_3_1,2018,3,1,The Aligators,Huey Lewis and the News,90.66,128.6,Huey Lewis and the News
2018_3_2,2018,3,2,The Stafford wives,Sack Crack n Dak,98.58,62.82,The Stafford wives
2018_3_3,2018,3,3,Wake up Mr Freeman,Standard Deviations,68.64,118.86,Standard Deviations
2018_3_4,2018,3,4,Kandys Konservative Koalition,L'Ebron James,62.06,99.04,L'Ebron James
2018_3_5,2018,3,5,Peaches and Kareem,Economic Gurley Men,77.22,99.6,Economic Gurley Men
2018_3_6,2018,3,6,SERPION,The Ertz Lockett,114.48,111.34,SERPION
2018_3_7,2018,3,7,Leeannacondas,Chicken Karama with rice,108.1,151.96,Chicken Karama with rice
2018_3_8,2018,3,8,Kelce me rollin they hatin,Harder Breida Faster Stronger,63.14,82.52,Harder Breida Faster Stronger
2018_4_1,2018,4,1,L'Ebron James,Huey Lewis and the News,94.1,135.68,Huey Lewis and the News
2018_4_2,2018,4,2,Kelce me rollin they hatin,Economic Gurley Men,178.08,165.3,Kelce me rollin they hatin
2018_4_3,2018,4,3,Chicken Karama with rice,The Ertz Lockett,139.26,100.08,Chicken Karama with rice
2018_4_4,2018,4,4,Wake up Mr Freeman,Sack Crack n Dak,79.8,64.6,Wake up Mr Freeman
2018_4_5,2018,4,5,The Stafford wives,Standard Deviations,96.68,115.8,Standard Deviations
2018_4_6,2018,4,6,Leeannacondas,SERPION,121.92,74.98,Leeannacondas
2018_4_7,2018,4,7,Harder Breida Faster Stronger,Peaches and Kareem,82.36,93.56,Peaches and Kareem
2018_4_8,2018,4,8,Kandys Konservative Koalition,The Aligators,117.46,129.66,The Aligators
2018_5_1,2018,5,1,Wake up Mr Freeman,Huey Lewis and the News,79.56,120.58,Huey Lewis and the News
2018_5_2,2018,5,2,L'Ebron James,Sack Crack n Dak,108.96,109.72,Sack Crack n Dak
2018_5_3,2018,5,3,The Aligators,Standard Deviations,80.02,63.84,The Aligators
2018_5_4,2018,5,4,Kandys Konservative Koalition,The Stafford wives,80.9,92.32,The Stafford wives
2018_5_5,2018,5,5,Chicken Karama with rice,Economic Gurley Men,86.28,114.3,Economic Gurley Men
2018_5_6,2018,5,6,The Ertz Lockett,Kelce me rollin they hatin,120.52,96.94,The Ertz Lockett
2018_5_7,2018,5,7,Peaches and Kareem,Leeannacondas,113.34,110.58,Peaches and Kareem
2018_5_8,2018,5,8,Harder Breida Faster Stronger,SERPION,84.5,115.82,SERPION
2018_6_1,2018,6,1,Huey Lewis and the News,Standard Deviations,117.7,88.64,Huey Lewis and the News
2018_6_2,2018,6,2,Economic Gurley Men,Leeannacondas,88.98,106.4,Leeannacondas
2018_6_3,2018,6,3,Harder Breida Faster Stronger,The Ertz Lockett,93.46,87.86,Harder Breida Faster Stronger
2018_6_4,2018,6,4,Kandys Konservative Koalition,Sack Crack n Dak,110.74,111.22,Sack Crack n Dak
2018_6_5,2018,6,5,The Stafford wives,L'Ebron James,76.36,119.78,L'Ebron James
2018_6_6,2018,6,6,Kelce me rollin they hatin,SERPION,125.42,104.0,Kelce me rollin they hatin
2018_6_7,2018,6,7,Chicken Karama with rice,Peaches and Kareem,91.2,118.1,Peaches and Kareem
2018_6_8,2018,6,8,Wake up Mr Freeman,The Aligators,63.38,129.02,The Aligators
2018_7_1,2018,7,1,SERPION,Huey Lewis and the News,95.3,151.16,Huey Lewis and the News
2018_7_2,2018,7,2,The Stafford wives,Economic Gurley Men,69.28,81.96,Economic Gurley Men
2018_7_3,2018,7,3,The Aligators,The Ertz Lockett,115.2,122.38,The Ertz Lockett
2018_7_4,2018,7,4,Peaches and Kareem,Sack Crack n Dak,128.88,83.44,Peaches and Kareem
2018_7_5,2018,7,5,Kelce me rollin they hatin,Standard Deviations,64.64,96.88,Standard Deviations
2018_7_6,2018,7,6,L'Ebron James,Leeannacondas,120.52,74.62,L'Ebron James
2018_7_7,2018,7,7,Harder Breida Faster Stronger,Wake up Mr Freeman,95.82,70.34,Harder Breida Faster Stronger
2018_7_8,2018,7,8,Chicken Karama with rice,Kandys Konservative Koalition,117.36,107.94,Chicken Karama with rice
2018_8_1,2018,8,1,Kandys Konservative Koalition,Huey Lewis and the News,102.56,122.06,Huey Lewis and the News
2018_8_2,2018,8,2,Standard Deviations,Sack Crack n Dak,58.5,78.6,Sack Crack n Dak
2018_8_3,2018,8,3,The Aligators,L'Ebron James,109.44,136.62,L'Ebron James
2018_8_4,2018,8,4,Wake up Mr Freeman,The Stafford wives,109.56,69.3,Wake up Mr Freeman
2018_8_5,2018,8,5,Economic Gurley Men,Harder Breida Faster Stronger,123.86,108.68,Economic Gurley Men
2018_8_6,2018,8,6,Leeannacondas,The Ertz Lockett,90.44,92.1,The Ertz Lockett
2018_8_7,2018,8,7,Peaches and Kareem,Kelce me rollin they hatin,101.96,101.56,Peaches and Kareem
2018_8_8,2018,8,8,SERPION,Chicken Karama with rice,103.74,116.4,Chicken Karama with rice
2018_9_1,2018,9,1,The Ertz Lockett,Huey Lewis and the News,93.54,114.88,Huey Lewis and the News
2018_9_2,2018,9,2,Sack Crack n Dak,Economic Gurley Men,84.72,95.32,Economic Gurley Men
2018_9_3,2018,9,3,Leeannacondas,Standard Deviations,85.86,112.14,Standard Deviations
2018_9_4,2018,9,4,Kandys Konservative Koalition,Harder Breida Faster Stronger,107.52,59.4,Kandys Konservative Koalition
2018_9_5,2018,9,5,Chicken Karama with rice,L'Ebron James,129.2,116.78,Chicken Karama with rice
2018_9_6,2018,9,6,Wake up Mr Freeman,Kelce me rollin they hatin,59.84,96.36,Kelce me rollin they hatin
2018_9_7,2018,9,7,SERPION,The Stafford wives,98.0,105.86,The Stafford wives
2018_9_8,2018,9,8,Peaches and Kareem,The Aligators,103.76,65.54,Peaches and Kareem
2018_10_1,2018,10,1,Sack Crack n Dak,Huey Lewis and the News,113.4,83.42,Sack Crack n Dak
2018_10_2,2018,10,2,The Ertz Lockett,Economic Gurley Men,153.0,104.52,The Ertz Lockett
2018_10_3,2018,10,3,Kandys Konservative Koalition,Standard Deviations,56.34,82.42,Standard Deviations
2018_10_4,2018,10,4,Leeannacondas,Harder Breida Faster Stronger,88.16,121.22,Harder Breida Faster Stronger
2018_10_5,2018,10,5,Wake up Mr Freeman,L'Ebron James,40.82,106.2,L'Ebron James
2018_10_6,2018,10,6,Kelce me rollin they hatin,Chicken Karama with rice,126.42,107.8,Kelce me rollin they hatin
2018_10_7,2018,10,7,The Stafford wives,The Aligators,104.76,112.3,The Aligators
2018_10_8,2018,10,8,Peaches and Kareem,SERPION,106.16,99.74,Peaches and Kareem
2018_11_1,2018,11,1,Standard Deviations,Huey Lewis and the News,99.22,139.38,Huey Lewis and the News
2018_11_2,2018,11,2,Leeannacondas,Economic Gurley Men,83.08,76.72,Leeannacondas
2018_11_3,2018,11,3,Harder Breida Faster Stronger,The Ertz Lockett,84.16,103.92,The Ertz Lockett
2018_11_4,2018,11,4,Kandys Konservative Koalition,Sack Crack n Dak,82.18,84.0,Sack Crack n Dak
2018_11_5,2018,11,5,L'Ebron James,The Stafford wives,117.42,96.1,L'Ebron James
2018_11_6,2018,11,6,SERPION,Kelce me rollin they hatin,72.2,104.48,Kelce me rollin they hatin
2018_11_7,2018,11,7,Peaches and Kareem,Chicken Karama with rice,90.86,95.24,Chicken Karama with rice
2018_11_8,2018,11,8,Wake up Mr Freeman,The Aligators,85.74,162.64,The Aligators
2018_12_1,2018,12,1,L'Ebron James,Huey Lewis and the News,132.92,135.04,Huey Lewis and the News
2018_12_2,2018,12,2,Kelce me rollin they hatin,Economic Gurley Men,87.58,89.0,Economic Gurley Men
2018_12_3,2018,12,3,Chicken Karama with rice,The Ertz Lockett,74.08,129.34,The Ertz Lockett
2018_12_4,2018,12,4,Wake up Mr Freeman,Sack Crack n Dak,76.36,88.22,Sack Crack n Dak
2018_12_5,2018,12,5,Standard Deviations,The Stafford wives,70.74,68.64,Standard Deviations
2018_12_6,2018,12,6,Leeannacondas,SERPION,114.52,151.56,SERPION
2018_12_7,2018,12,7,Peaches and Kareem,Harder Breida Faster Stronger,113.32,127.98,Harder Breida Faster Stronger
2018_12_8,2018,12,8,The Aligators,Kandys Konservative Koalition,85.64,93.12,Kandys Konservative Koalition
2018_13_1,2018,13,1,The Stafford wives,Huey Lewis and the News,85.6,103.5,Huey Lewis and the News
2018_13_2,2018,13,2,SERPION,Economic Gurley Men,100.6,108.76,Economic Gurley Men
2018_13_3,2018,13,3,Peaches and Kareem,The Ertz Lockett,85.94,91.58,The Ertz Lockett
2018_13_4,2018,13,4,The Aligators,Sack Crack n Dak,112.84,84.3,The Aligators
2018_13_5,2018,13,5,Standard Deviations,L'Ebron James,53.58,117.4,L'Ebron James
2018_13_6,2018,13,6,Kelce me rollin they hatin,Leeannacondas,98.24,85.82,Kelce me rollin they hatin
2018_13_7,2018,13,7,Harder Breida Faster Stronger,Chicken Karama with rice,87.94,97.9,Chicken Karama with rice
2018_13_8,2018,13,8,Wake up Mr Freeman,Kandys Konservative Koalition,68.66,91.46,Kandys Konservative Koalition
2018_14_1,2018,14,1,Kandys Konservative Koalition,The Stafford wives,85.82,63.94,Kandys Konservative Koalition
2018_14_2,2018,14,2,SERPION,Harder Breida Faster Stronger,121.68,101.78,SERPION
2018_14_3,2018,14,3,The Aligators,Chicken Karama with rice,119.12,116.38,The Aligators
2018_14_4,2018,14,4,Kelce me rollin they hatin,L'Ebron James,89.22,139.98,L'Ebron James
2018_15_1,2018,15,1,Leeannacondas,The Stafford wives,66.56,87.0,The Stafford wives
2018_15_2,2018,15,2,Harder Breida Faster Stronger,Wake up Mr Freeman,91.6,82.12,Harder Breida Faster Stronger
2018_15_3,2018,15,3,Huey Lewis and the News,L'Ebron James,61.24,72.12,L'Ebron James
2018_15_4,2018,15,4,The Aligators,The Ertz Lockett,79.16,108.02,The Ertz Lockett
2018_16_1,2018,16,1,Leeannacondas,Wake up Mr Freeman,160.98,74.42,Leeannacondas
2018_16_2,2018,16,2,Harder Breida Faster Stronger,The Stafford wives,107.2,109.64,The Stafford wives
2018_16_3,2018,16,3,Kandys Konservative Koalition,SERPION,95.64,121.54,SERPION
2018_16_4,2018,16,4,L'Ebron James,The Ertz Lockett,139.34,103.44,L'Ebron James
2018_16_5,2018,16,5,Huey Lewis and the News,The Aligators,62.2,71.76,The Aligators
2018_16_6,2018,16,6,Chicken Karama with rice,Kelce me rollin they hatin,107.36,88.62,Chicken Karama with rice
2019_1_1,2019,1,1,Standard Deviations,Leeannacondas,90.44,91.62,Leeannacondas
2019_1_2,2019,1,2,Hit em where it Ertz,The Aligators,98.6,88.62,Hit em where it Ertz
2019_1_3,2019,1,3,The Hatters,[name redacted],98.24,167.32,[name redacted]
2019_1_4,2019,1,4,SERPION,Fuller breida butter,103.0,72.22,SERPION
2019_1_5,2019,1,5,Rolling with Mahomies,Peaches and Kareem,93.52,105.1,Peaches and Kareem
2019_1_6,2019,1,6,The Action Jackson Show,We're in Evan,201.16,86.84,The Action Jackson Show
2019_1_7,2019,1,7,Chicken Karama with rice,Jumping the Chark,102.02,94.32,Chicken Karama with rice
2019_1_8,2019,1,8,Kandys Konservative Koalition,Wake up Mr Freeman,74.46,100.74,Wake up Mr Freeman
2019_2_1,2019,2,1,Standard Deviations,The Hatters,54.52,109.56,The Hatters
2019_2_2,2019,2,2,Kandys Konservative Koalition,The Aligators,84.12,89.1,The Aligators
2019_2_3,2019,2,3,Leeannacondas,Hit em where it Ertz,104.86,84.0,Leeannacondas
2019_2_4,2019,2,4,Wake up Mr Freeman,[name redacted],102.7,87.34,Wake up Mr Freeman
2019_2_5,2019,2,5,Fuller breida butter,We're in Evan,64.96,74.14,We're in Evan
2019_2_6,2019,2,6,The Action Jackson Show,Peaches and Kareem,126.28,139.1,Peaches and Kareem
2019_2_7,2019,2,7,Jumping the Chark,SERPION,86.16,99.92,SERPION
2019_2_8,2019,2,8,Chicken Karama with rice,Rolling with Mahomies,93.82,110.32,Rolling with Mahomies
2019_3_1,2019,3,1,Standard Deviations,The Aligators,80.42,111.26,The Aligators
2019_3_2,2019,3,2,Kandys Konservative Koalition,The Hatters,82.02,104.24,The Hatters
2019_3_3,2019,3,3,Chicken Karama with rice,Fuller breida butter,109.22,107.04,Chicken Karama with rice
2019_3_4,2019,3,4,Rolling with Mahomies,We're in Evan,124.76,94.58,Rolling with Mahomies
2019_3_5,2019,3,5,Wake up Mr Freeman,Hit em where it Ertz,80.06,109.1,Hit em where it Ertz
2019_3_6,2019,3,6,Leeannacondas,[name redacted],76.92,135.74,[name redacted]
2019_3_7,2019,3,7,Peaches and Kareem,Jumping the Chark,145.94,114.5,Peaches and Kareem
2019_3_8,2019,3,8,SERPION,The Action Jackson Show,108.04,86.58,SERPION
2019_4_1,2019,4,1,Standard Deviations,Rolling with Mahomies,92.18,112.0,Rolling with Mahomies
2019_4_2,2019,4,2,The Aligators,We're in Evan,93.74,70.68,The Aligators
2019_4_3,2019,4,3,The Action Jackson Show,Hit em where it Ertz,90.08,74.68,The Action Jackson Show
2019_4_4,2019,4,4,Jumping the Chark,[name redacted],97.98,126.02,[name redacted]
2019_4_5,2019,4,5,Chicken Karama with rice,The Hatters,102.0,63.7,Chicken Karama with rice
2019_4_6,2019,4,6,Fuller breida butter,Kandys Konservative Koalition,95.7,77.92,Fuller breida butter
2019_4_7,2019,4,7,Peaches and Kareem,Leeannacondas,141.4,74.14,Peaches and Kareem
2019_4_8,2019,4,8,SERPION,Wake up Mr Freeman,71.04,83.18,Wake up Mr Freeman
2019_5_1,2019,5,1,Standard Deviations,Fuller breida butter,95.2,193.54,Fuller breida butter
2019_5_2,2019,5,2,Chicken Karama with rice,The Aligators,69.36,154.28,The Aligators
2019_5_3,2019,5,3,We're in Evan,The Hatters,104.24,105.92,The Hatters
2019_5_4,2019,5,4,Rolling with Mahomies,Kandys Konservative Koalition,100.64,81.46,Rolling with Mahomies
2019_5_5,2019,5,5,Jumping the Chark,Hit em where it Ertz,80.02,72.6,Jumping the Chark
2019_5_6,2019,5,6,The Action Jackson Show,[name redacted],66.14,150.66,[name redacted]
2019_5_7,2019,5,7,Wake up Mr Freeman,Peaches and Kareem,91.7,137.32,Peaches and Kareem
2019_5_8,2019,5,8,Leeannacondas,SERPION,107.82,105.14,Leeannacondas
2019_6_1,2019,6,1,Standard Deviations,Chicken Karama with rice,76.62,79.4,Chicken Karama with rice
2019_6_2,2019,6,2,Fuller breida butter,The Aligators,85.6,90.3,The Aligators
2019_6_3,2019,6,3,Peaches and Kareem,Hit em where it Ertz,134.0,88.66,Peaches and Kareem
2019_6_4,2019,6,4,SERPION,[name redacted],85.98,92.32,[name redacted]
2019_6_5,2019,6,5,Rolling with Mahomies,The Hatters,85.32,98.96,The Hatters
2019_6_6,2019,6,6,We're in Evan,Kandys Konservative Koalition,88.72,142.0,Kandys Konservative Koalition
2019_6_7,2019,6,7,Leeannacondas,The Action Jackson Show,73.5,94.14,The Action Jackson Show
2019_6_8,2019,6,8,Wake up Mr Freeman,Jumping the Chark,89.24,69.32,Wake up Mr Freeman
2019_7_1,2019,7,1,Standard Deviations,[name redacted],106.22,114.76,[name redacted]
2019_7_2,2019,7,2,Leeannacondas,The Aligators,91.96,111.16,The Aligators
2019_7_3,2019,7,3,Kandys Konservative Koalition,Hit em where it Ertz,77.92,88.04,Hit em where it Ertz
2019_7_4,2019,7,4,Wake up Mr Freeman,The Hatters,109.56,73.86,Wake up Mr Freeman
2019_7_5,2019,7,5,The Action Jackson Show,Fuller breida butter,90.92,52.92,The Action Jackson Show
2019_7_6,2019,7,6,We're in Evan,Peaches and Kareem,43.04,98.44,Peaches and Kareem
2019_7_7,2019,7,7,Chicken Karama with rice,SERPION,91.56,139.88,SERPION
2019_7_8,2019,7,8,Jumping the Chark,Rolling with Mahomies,149.96,77.94,Jumping the Chark
2019_8_1,2019,8,1,Standard Deviations,We're in Evan,131.88,81.2,Standard Deviations
2019_8_2,2019,8,2,Rolling with Mahomies,The Aligators,106.74,137.88,The Aligators
2019_8_3,2019,8,3,Fuller breida butter,The Hatters,117.26,108.86,Fuller breida butter
2019_8_4,2019,8,4,Chicken Karama with rice,Kandys Konservative Koalition,91.84,75.32,Chicken Karama with rice
2019_8_5,2019,8,5,SERPION,Hit em where it Ertz,115.22,77.78,SERPION
2019_8_6,2019,8,6,Peaches and Kareem,[name redacted],98.78,104.18,[name redacted]
2019_8_7,2019,8,7,Wake up Mr Freeman,The Action Jackson Show,134.8,68.0,Wake up Mr Freeman
2019_8_8,2019,8,8,Jumping the Chark,Leeannacondas,99.0,93.2,Jumping the Chark
2019_9_1,2019,9,1,Standard Deviations,Wake up Mr Freeman,53.26,84.4,Wake up Mr Freeman
2019_9_2,2019,9,2,[name redacted],The Aligators,124.08,105.34,[name redacted]
2019_9_3,2019,9,3,Peaches and Kareem,Fuller breida butter,115.62,119.94,Fuller breida butter
2019_9_4,2019,9,4,Rolling with Mahomies,SERPION,99.1,104.4,SERPION
2019_9_5,2019,9,5,The Hatters,Hit em where it Ertz,119.4,81.36,The Hatters
2019_9_6,2019,9,6,Jumping the Chark,We're in Evan,81.04,104.78,We're in Evan
2019_9_7,2019,9,7,Chicken Karama with rice,The Action Jackson Show,75.26,92.02,The Action Jackson Show
2019_9_8,2019,9,8,Leeannacondas,Kandys Konservative Koalition,68.94,123.72,Kandys Konservative Koalition
2019_10_1,2019,10,1,Standard Deviations,Kandys Konservative Koalition,68.02,89.26,Kandys Konservative Koalition
2019_10_2,2019,10,2,The Hatters,The Aligators,89.42,86.9,The Hatters
2019_10_3,2019,10,3,[name redacted],Hit em where it Ertz,123.58,106.44,[name redacted]
2019_10_4,2019,10,4,Rolling with Mahomies,Fuller breida butter,141.84,75.72,Rolling with Mahomies
2019_10_5,2019,10,5,Peaches and Kareem,SERPION,72.18,129.48,SERPION
2019_10_6,2019,10,6,Chicken Karama with rice,We're in Evan,83.98,71.82,Chicken Karama with rice
2019_10_7,2019,10,7,Jumping the Chark,The Action Jackson Show,98.32,115.22,The Action Jackson Show
2019_10_8,2019,10,8,Wake up Mr Freeman,Leeannacondas,61.18,115.16,Leeannacondas
2019_11_1,2019,11,1,Standard Deviations,Chicken Karama with rice,54.42,77.12,Chicken Karama with rice
2019_11_2,2019,11,2,Fuller breida butter,The Aligators,47.26,92.72,The Aligators
2019_11_3,2019,11,3,Peaches and Kareem,Hit em where it Ertz,98.88,96.94,Peaches and Kareem
2019_11_4,2019,11,4,SERPION,[name redacted],92.92,115.18,[name redacted]
2019_11_5,2019,11,5,Rolling with Mahomies,The Hatters,81.18,66.24,Rolling with Mahomies
2019_11_6,2019,11,6,We're in Evan,Kandys Konservative Koalition,65.96,61.1,We're in Evan
2019_11_7,2019,11,7,The Action Jackson Show,Leeannacondas,114.58,130.8,Leeannacondas
2019_11_8,2019,11,8,Jumping the Chark,Wake up Mr Freeman,132.34,66.04,Jumping the Chark
2019_12_1,2019,12,1,Standard Deviations,Rolling with Mahomies,73.38,56.68,Standard Deviations
2019_12_2,2019,12,2,We're in Evan,The Aligators,106.92,114.46,The Aligators
2019_12_3,2019,12,3,The Action Jackson Show,Hit em where it Ertz,91.96,111.7,Hit em where it Ertz
2019_12_4,2019,12,4,Jumping the Chark,[name redacted],90.36,57.24,Jumping the Chark
2019_12_5,2019,12,5,Chicken Karama with rice,The Hatters,110.38,68.0,Chicken Karama with rice
2019_12_6,2019,12,6,Kandys Konservative Koalition,Fuller breida butter,71.98,136.82,Fuller breida butter
2019_12_7,2019,12,7,Peaches and Kareem,Leeannacondas,101.3,65.5,Peaches and Kareem
2019_12_8,2019,12,8,Wake up Mr Freeman,SERPION,34.54,89.94,SERPION
2019_13_1,2019,13,1,Standard Deviations,The Hatters,97.96,105.94,The Hatters
2019_13_2,2019,13,2,Kandys Konservative Koalition,The Aligators,65.22,84.98,The Aligators
2019_13_3,2019,13,3,Leeannacondas,Hit em where it Ertz,108.32,97.84,Leeannacondas
2019_13_4,2019,13,4,Wake up Mr Freeman,[name redacted],112.18,120.4,[name redacted]
2019_13_5,2019,13,5,Fuller breida butter,We're in Evan,108.26,69.5,Fuller breida butter
2019_13_6,2019,13,6,The Action Jackson Show,Peaches and Kareem,63.7,89.8,Peaches and Kareem
2019_13_7,2019,13,7,Jumping the Chark,SERPION,93.78,85.76,Jumping the Chark
2019_13_8,2019,13,8,Rolling with Mahomies,Chicken Karama with rice,103.4,50.64,Rolling with Mahomies
2019_14_1,2019,14,1,Jumping the Chark,We're in Evan,93.4,101.26,We're in Evan
2019_14_2,2019,14,2,Hit em where it Ertz,Leeannacondas,104.4,107.76,Leeannacondas
2019_14_3,2019,14,3,Chicken Karama with rice,SERPION,75.38,89.44,SERPION
2019_14_4,2019,14,4,The Aligators,Wake up Mr Freeman,142.74,98.8,The Aligators
2019_15_1,2019,15,1,Standard Deviations,Jumping the Chark,108.06,86.92,Standard Deviations
2019_15_2,2019,15,2,Hit em where it Ertz,Kandys Konservative Koalition,113.96,160.82,Kandys Konservative Koalition
2019_15_3,2019,15,3,[name redacted],SERPION,106.28,92.88,[name redacted]
2019_15_4,2019,15,4,The Aligators,Peaches and Kareem,112.76,154.64,Peaches and Kareem
2019_16_1,2019,16,1,Standard Deviations,Kandys Konservative Koalition,80.92,105.54,Kandys Konservative Koalition
2019_16_2,2019,16,2,Jumping the Chark,Hit em where it Ertz,65.54,148.76,Hit em where it Ertz
2019_16_3,2019,16,3,Leeannacondas,We're in Evan,76.52,94.12,We're in Evan
2019_16_4,2019,16,4,[name redacted],Peaches and Kareem,84.0,79.16,[name redacted]
2019_16_5,2019,16,5,SERPION,The Aligators,70.46,136.48,The Aligators
2019_16_6,2019,16,6,Chicken Karama with rice,Wake up Mr Freeman,87.58,128.52,Wake up Mr Freeman
2020_1_1,2020,1,1,Standard Deviations,The Dirty Birds,88.04,112.7,The Dirty Birds
2020_1_2,2020,1,2,The Aligators,Mikkels Manatees,98.7,118.38,Mikkels Manatees
2020_1_3,2020,1,3,Burnmore Dynamics,Too Many Cooks,115.86,127.1,Too Many Cooks
2020_1_4,2020,1,4,The Puffins,Sanders' Herbs and Spices,121.54,92.9,The Puffins
2020_1_5,2020,1,5,The Kurt Locker,SERPION,117.86,75.4,The Kurt Locker
2020_1_6,2020,1,6,Mooreccan chicken with rice,Kandys Konservative Koalition,97.18,88.08,Mooreccan chicken with rice
2020_1_7,2020,1,7,Leeannacondas,The Hatters,88.6,114.62,The Hatters
2020_1_8,2020,1,8,Piggy's Mixon match lolly bar,The Beer Barons,98.62,99.96,The Beer Barons
2020_2_1,2020,2,1,Standard Deviations,Mikkels Manatees,140.9,64.26,Standard Deviations
2020_2_2,2020,2,2,The Beer Barons,The Aligators,125.64,150.18,The Aligators
2020_2_3,2020,2,3,The Dirty Birds,Too Many Cooks,109.56,91.08,The Dirty Birds
2020_2_4,2020,2,4,Piggy's Mixon match lolly bar,Burnmore Dynamics,78.66,97.48,Burnmore Dynamics
2020_2_5,2020,2,5,Sanders' Herbs and Spices,Kandys Konservative Koalition,116.34,90.72,Sanders' Herbs and Spices
2020_2_6,2020,2,6,Mooreccan chicken with rice,SERPION,115.0,83.18,Mooreccan chicken with rice
2020_2_7,2020,2,7,The Hatters,The Puffins,85.4,125.08,The Puffins
2020_2_8,2020,2,8,The Kurt Locker,Leeannacondas,112.3,101.52,The Kurt Locker
2020_3_1,2020,3,1,Standard Deviations,Burnmore Dynamics,123.98,136.98,Burnmore Dynamics
2020_3_2,2020,3,2,Piggy's Mixon match lolly bar,Mikkels Manatees,58.5,94.8,Mikkels Manatees
2020_3_3,2020,3,3,Leeannacondas,Sanders' Herbs and Spices,95.82,94.0,Leeannacondas
2020_3_4,2020,3,4,The Kurt Locker,Kandys Konservative Koalition,91.82,92.2,Kandys Konservative Koalition
2020_3_5,2020,3,5,The Dirty Birds,The Aligators,89.48,92.38,The Aligators
2020_3_6,2020,3,6,Too Many Cooks,The Beer Barons,96.32,93.88,Too Many Cooks
2020_3_7,2020,3,7,SERPION,The Hatters,169.7,108.56,SERPION
2020_3_8,2020,3,8,Mooreccan chicken with rice,The Puffins,97.94,132.1,The Puffins
2020_4_1,2020,4,1,Standard Deviations,Sanders' Herbs and Spices,101.48,90.92,Standard Deviations
2020_4_2,2020,4,2,Kandys Konservative Koalition,Mikkels Manatees,126.3,73.24,Kandys Konservative Koalition
2020_4_3,2020,4,3,Mooreccan chicken with rice,The Aligators,99.82,111.74,The Aligators
2020_4_4,2020,4,4,The Hatters,Too Many Cooks,118.1,91.14,The Hatters
2020_4_5,2020,4,5,Leeannacondas,Burnmore Dynamics,90.88,145.3,Burnmore Dynamics
2020_4_6,2020,4,6,SERPION,The Beer Barons,116.5,81.4,SERPION
2020_4_7,2020,4,7,The Dirty Birds,The Puffins,93.12,90.04,The Dirty Birds
2020_4_8,2020,4,8,Piggy's Mixon match lolly bar,The Kurt Locker,78.74,107.18,The Kurt Locker
2020_5_1,2020,5,1,Standard Deviations,The Kurt Locker,120.04,106.36,Standard Deviations
2020_5_2,2020,5,2,Leeannacondas,Mikkels Manatees,81.34,98.96,Mikkels Manatees
2020_5_3,2020,5,3,Kandys Konservative Koalition,Burnmore Dynamics,66.78,89.72,Burnmore Dynamics
2020_5_4,2020,5,4,Piggy's Mixon match lolly bar,Sanders' Herbs and Spices,72.44,100.8,Sanders' Herbs and Spices
2020_5_5,2020,5,5,The Hatters,The Aligators,121.88,63.92,The Hatters
2020_5_6,2020,5,6,Too Many Cooks,Mooreccan chicken with rice,127.1,65.82,Too Many Cooks
2020_5_7,2020,5,7,The Dirty Birds,SERPION,103.5,90.66,The Dirty Birds
2020_5_8,2020,5,8,The Beer Barons,The Puffins,109.06,129.8,The Puffins
2020_6_1,2020,6,1,Standard Deviations,Kandys Konservative Koalition,112.78,142.74,Kandys Konservative Koalition
2020_6_2,2020,6,2,Sanders' Herbs and Spices,Mikkels Manatees,71.32,66.42,Sanders' Herbs and Spices
2020_6_3,2020,6,3,The Aligators,SERPION,97.98,103.22,SERPION
2020_6_4,2020,6,4,The Puffins,Too Many Cooks,83.9,94.32,Too Many Cooks
2020_6_5,2020,6,5,The Kurt Locker,Burnmore Dynamics,118.7,82.04,The Kurt Locker
2020_6_6,2020,6,6,The Beer Barons,Mooreccan chicken with rice,123.14,107.88,The Beer Barons
2020_6_7,2020,6,7,The Hatters,The Dirty Birds,93.0,79.06,The Hatters
2020_6_8,2020,6,8,Piggy's Mixon match lolly bar,Leeannacondas,65.32,83.94,Leeannacondas
2020_7_1,2020,7,1,Standard Deviations,The Aligators,83.36,69.16,Standard Deviations
2020_7_2,2020,7,2,The Beer Barons,Mikkels Manatees,122.56,103.7,The Beer Barons
2020_7_3,2020,7,3,Piggy's Mixon match lolly bar,Too Many Cooks,96.92,91.48,Piggy's Mixon match lolly bar
2020_7_4,2020,7,4,The Dirty Birds,Burnmore Dynamics,65.9,149.06,Burnmore Dynamics
2020_7_5,2020,7,5,Mooreccan chicken with rice,Sanders' Herbs and Spices,111.08,99.8,Mooreccan chicken with rice
2020_7_6,2020,7,6,Kandys Konservative Koalition,SERPION,104.82,147.56,SERPION
2020_7_7,2020,7,7,Leeannacondas,The Puffins,94.38,86.1,Leeannacondas
2020_7_8,2020,7,8,The Hatters,The Kurt Locker,62.26,96.42,The Kurt Locker
2020_8_1,2020,8,1,Standard Deviations,Leeannacondas,106.44,94.24,Standard Deviations
2020_8_2,2020,8,2,The Kurt Locker,Mikkels Manatees,65.74,147.44,Mikkels Manatees
2020_8_3,2020,8,3,Sanders' Herbs and Spices,Burnmore Dynamics,48.66,81.52,Burnmore Dynamics
2020_8_4,2020,8,4,Piggy's Mixon match lolly bar,Kandys Konservative Koalition,66.78,75.74,Kandys Konservative Koalition
2020_8_5,2020,8,5,The Puffins,The Aligators,92.14,61.96,The Puffins
2020_8_6,2020,8,6,SERPION,Too Many Cooks,87.42,139.5,Too Many Cooks
2020_8_7,2020,8,7,Mooreccan chicken with rice,The Dirty Birds,64.26,68.46,The Dirty Birds
2020_8_8,2020,8,8,The Hatters,The Beer Barons,62.66,100.24,The Beer Barons
2020_9_1,2020,9,1,Standard Deviations,The Beer Barons,77.0,93.52,The Beer Barons
2020_9_2,2020,9,2,Too Many Cooks,Mikkels Manatees,128.78,72.94,Too Many Cooks
2020_9_3,2020,9,3,Burnmore Dynamics,The Aligators,96.7,70.56,Burnmore Dynamics
2020_9_4,2020,9,4,Sanders' Herbs and Spices,SERPION,56.5,109.42,SERPION
2020_9_5,2020,9,5,The Kurt Locker,The Puffins,141.0,93.48,The Kurt Locker
2020_9_6,2020,9,6,The Hatters,Kandys Konservative Koalition,77.24,92.7,Kandys Konservative Koalition
2020_9_7,2020,9,7,Leeannacondas,Mooreccan chicken with rice,90.76,81.4,Leeannacondas
2020_9_8,2020,9,8,Piggy's Mixon match lolly bar,The Dirty Birds,102.94,52.76,Piggy's Mixon match lolly bar
2020_10_1,2020,10,1,Standard Deviations,Piggy's Mixon match lolly bar,99.34,74.78,Standard Deviations
2020_10_2,2020,10,2,Burnmore Dynamics,Mikkels Manatees,97.26,72.44,Burnmore Dynamics
2020_10_3,2020,10,3,Too Many Cooks,The Aligators,84.24,98.42,The Aligators
2020_10_4,2020,10,4,The Kurt Locker,Sanders' Herbs and Spices,88.34,86.6,The Kurt Locker
2020_10_5,2020,10,5,SERPION,The Puffins,81.02,71.92,SERPION
2020_10_6,2020,10,6,Leeannacondas,Kandys Konservative Koalition,82.72,81.32,Leeannacondas
2020_10_7,2020,10,7,Mooreccan chicken with rice,The Hatters,101.36,90.12,Mooreccan chicken with rice
2020_10_8,2020,10,8,The Beer Barons,The Dirty Birds,104.46,57.04,The Beer Barons
2020_11_1,2020,11,1,Standard Deviations,Kandys Konservative Koalition,130.78,115.48,Standard Deviations
2020_11_2,2020,11,2,Sanders' Herbs and Spices,Mikkels Manatees,83.46,72.12,Sanders' Herbs and Spices
2020_11_3,2020,11,3,SERPION,The Aligators,106.6,108.9,The Aligators
2020_11_4,2020,11,4,The Puffins,Too Many Cooks,129.32,105.04,The Puffins
2020_11_5,2020,11,5,Burnmore Dynamics,The Kurt Locker,120.34,78.14,Burnmore Dynamics
2020_11_6,2020,11,6,The Beer Barons,Mooreccan chicken with rice,77.62,100.22,Mooreccan chicken with rice
2020_11_7,2020,11,7,The Dirty Birds,The Hatters,64.54,111.16,The Hatters
2020_11_8,2020,11,8,Leeannacondas,Piggy's Mixon match lolly bar,55.78,70.28,Piggy's Mixon match lolly bar
2020_12_1,2020,12,1,Standard Deviations,Sanders' Herbs and Spices,70.7,107.7,Sanders' Herbs and Spices
2020_12_2,2020,12,2,Kandys Konservative Koalition,Mikkels Manatees,119.7,96.0,Kandys Konservative Koalition
2020_12_3,2020,12,3,Mooreccan chicken with rice,The Aligators,69.38,86.06,The Aligators
2020_12_4,2020,12,4,The Hatters,Too Many Cooks,77.42,100.42,Too Many Cooks
2020_12_5,2020,12,5,Leeannacondas,Burnmore Dynamics,159.7,87.82,Leeannacondas
2020_12_6,2020,12,6,SERPION,The Beer Barons,145.4,96.0,SERPION
2020_12_7,2020,12,7,The Puffins,The Dirty Birds,110.08,77.0,The Puffins
2020_12_8,2020,12,8,Piggy's Mixon match lolly bar,The Kurt Locker,51.84,93.14,The Kurt Locker
2020_13_1,2020,13,1,Standard Deviations,Mikkels Manatees,115.98,126.08,Mikkels Manatees
2020_13_2,2020,13,2,The Beer Barons,The Aligators,133.2,128.56,The Beer Barons
2020_13_3,2020,13,3,The Dirty Birds,Too Many Cooks,66.78,108.6,Too Many Cooks
2020_13_4,2020,13,4,Piggy's Mixon match lolly bar,Burnmore Dynamics,51.4,103.18,Burnmore Dynamics
2020_13_5,2020,13,5,Sanders' Herbs and Spices,Kandys Konservative Koalition,62.52,110.72,Kandys Konservative Koalition
2020_13_6,2020,13,6,SERPION,Mooreccan chicken with rice,76.74,102.5,Mooreccan chicken with rice
2020_13_7,2020,13,7,The Puffins,The Hatters,86.72,103.14,The Hatters
2020_13_8,2020,13,8,The Kurt Locker,Leeannacondas,106.2,120.86,Leeannacondas
2020_14_1,2020,14,1,Mooreccan chicken with rice,Sanders' Herbs and Spices,78.42,68.16,Mooreccan chicken with rice
2020_14_2,2020,14,2,Mikkels Manatees,The Aligators,112.36,115.16,The Aligators
2020_14_3,2020,14,3,Kandys Konservative Koalition,The Kurt Locker,81.64,113.3,The Kurt Locker
2020_14_4,2020,14,4,SERPION,Leeannacondas,124.58,106.84,SERPION
2020_15_1,2020,15,1,Piggy's Mixon match lolly bar,Sanders' Herbs and Spices,72.0,89.64,Sanders' Herbs and Spices
2020_15_2,2020,15,2,Mikkels Manatees,The Dirty Birds,85.08,92.5,The Dirty Birds
2020_15_3,2020,15,3,Burnmore Dynamics,The Kurt Locker,121.02,107.62,Burnmore Dynamics
2020_15_4,2020,15,4,SERPION,Too Many Cooks,103.06,102.36,SERPION
2020_16_1,2020,16,1,Sanders' Herbs and Spices,The Dirty Birds,105.18,78.42,Sanders' Herbs and Spices
2020_16_2,2020,16,2,Piggy's Mixon match lolly bar,Mikkels Manatees,121.04,100.38,Piggy's Mixon match lolly bar
2020_16_3,2020,16,3,The Aligators,Mooreccan chicken with rice,84.06,86.9,Mooreccan chicken with rice
2020_16_4,2020,16,4,Burnmore Dynamics,SERPION,134.02,104.5,Burnmore Dynamics
2020_16_5,2020,16,5,The Kurt Locker,Too Many Cooks,82.54,103.64,Too Many Cooks
2020_16_6,2020,16,6,Kandys Konservative Koalition,Leeannacondas,148.4,95.0,Kandys Konservative Koalition
2021_1_1,2021,1,1,Standard Deviations,SERPION,73.72,130.76,SERPION
2021_1_2,2021,1,2,Bearnaise Dynamics,Too Many Cooks,108.84,114.56,Too Many Cooks
2021_1_3,2021,1,3,Kurlewless,AT Football Team,103.98,121.02,AT Football Team
2021_1_4,2021,1,4,The Beer Barons,pending,110.58,113.3,pending
2021_1_5,2021,1,5,The Aligators,The Hatters,66.36,101.64,The Hatters
2021_1_6,2021,1,6,Leeannacondas,Swiftboats 4 breakdown justice,62.98,110.82,Swiftboats 4 breakdown justice
2021_1_7,2021,1,7,The Dirty Birds,Mikkels Manatees,103.94,125.06,Mikkels Manatees
2021_1_8,2021,1,8,Piggy's bushfire Carsonists,The Puffins,87.3,150.36,The Puffins
2021_2_1,2021,2,1,Standard Deviations,Leeannacondas,118.6,135.78,Leeannacondas
2021_2_2,2021,2,2,The Dirty Birds,Too Many Cooks,134.66,91.22,The Dirty Birds
2021_2_3,2021,2,3,The Puffins,Bearnaise Dynamics,115.2,109.12,The Puffins
2021_2_4,2021,2,4,Mikkels Manatees,AT Football Team,115.94,96.12,Mikkels Manatees
2021_2_5,2021,2,5,Piggy's bushfire Carsonists,Kurlewless,100.86,76.32,Piggy's bushfire Carsonists
2021_2_6,2021,2,6,pending,The Hatters,108.26,112.62,The Hatters
2021_2_7,2021,2,7,SERPION,The Aligators,63.3,94.52,The Aligators
2021_2_8,2021,2,8,The Beer Barons,Swiftboats 4 breakdown justice,113.84,71.78,The Beer Barons
2021_3_1,2021,3,1,Standard Deviations,The Hatters,85.74,101.82,The Hatters
2021_3_2,2021,3,2,Piggy's bushfire Carsonists,Too Many Cooks,84.28,73.82,Piggy's bushfire Carsonists
2021_3_3,2021,3,3,The Dirty Birds,Kurlewless,120.02,83.64,The Dirty Birds
2021_3_4,2021,3,4,Leeannacondas,pending,79.08,104.02,pending
2021_3_5,2021,3,5,Bearnaise Dynamics,Mikkels Manatees,103.42,136.38,Mikkels Manatees
2021_3_6,2021,3,6,The Puffins,AT Football Team,114.24,119.0,AT Football Team
2021_3_7,2021,3,7,SERPION,Swiftboats 4 breakdown justice,93.54,113.52,Swiftboats 4 breakdown justice
2021_3_8,2021,3,8,The Aligators,The Beer Barons,86.82,101.74,The Beer Barons
2021_4_1,2021,4,1,Standard Deviations,Piggy's bushfire Carsonists,119.52,79.74,Standard Deviations
2021_4_2,2021,4,2,The Hatters,Too Many Cooks,81.72,77.16,The Hatters
2021_4_3,2021,4,3,The Aligators,Bearnaise Dynamics,64.26,112.8,Bearnaise Dynamics
2021_4_4,2021,4,4,Swiftboats 4 breakdown justice,AT Football Team,113.82,125.32,AT Football Team
2021_4_5,2021,4,5,Leeannacondas,Kurlewless,89.52,84.68,Leeannacondas
2021_4_6,2021,4,6,The Dirty Birds,pending,131.32,75.82,The Dirty Birds
2021_4_7,2021,4,7,SERPION,The Puffins,104.88,107.62,The Puffins
2021_4_8,2021,4,8,The Beer Barons,Mikkels Manatees,153.84,80.26,The Beer Barons
2021_5_1,2021,5,1,Standard Deviations,The Dirty Birds,87.76,110.1,The Dirty Birds
2021_5_2,2021,5,2,Leeannacondas,Too Many Cooks,70.48,85.28,Too Many Cooks
2021_5_3,2021,5,3,The Hatters,Kurlewless,141.04,113.32,The Hatters
2021_5_4,2021,5,4,Piggy's bushfire Carsonists,pending,129.08,149.5,pending
2021_5_5,2021,5,5,Swiftboats 4 breakdown justice,Bearnaise Dynamics,96.28,100.2,Bearnaise Dynamics
2021_5_6,2021,5,6,AT Football Team,The Aligators,87.78,109.02,The Aligators
2021_5_7,2021,5,7,Mikkels Manatees,SERPION,112.84,107.52,Mikkels Manatees
2021_5_8,2021,5,8,The Beer Barons,The Puffins,136.58,123.96,The Beer Barons
2021_6_1,2021,6,1,Standard Deviations,Kurlewless,106.8,98.5,Standard Deviations
2021_6_2,2021,6,2,pending,Too Many Cooks,99.12,78.66,pending
2021_6_3,2021,6,3,SERPION,Bearnaise Dynamics,116.6,131.54,Bearnaise Dynamics
2021_6_4,2021,6,4,The Beer Barons,AT Football Team,100.86,88.88,The Beer Barons
2021_6_5,2021,6,5,The Dirty Birds,The Hatters,136.52,130.24,The Dirty Birds
2021_6_6,2021,6,6,The Puffins,The Aligators,107.26,87.28,The Puffins
2021_6_7,2021,6,7,Swiftboats 4 breakdown justice,Mikkels Manatees,112.0,94.98,Swiftboats 4 breakdown justice
2021_6_8,2021,6,8,Piggy's bushfire Carsonists,Leeannacondas,81.38,109.78,Leeannacondas
2021_7_1,2021,7,1,Standard Deviations,Swiftboats 4 breakdown justice,105.76,99.34,Standard Deviations
2021_7_2,2021,7,2,The Puffins,Too Many Cooks,100.04,108.98,Too Many Cooks
2021_7_3,2021,7,3,The Dirty Birds,Bearnaise Dynamics,104.24,138.16,Bearnaise Dynamics
2021_7_4,2021,7,4,Piggy's bushfire Carsonists,AT Football Team,62.98,25.44,Piggy's bushfire Carsonists
2021_7_5,2021,7,5,Mikkels Manatees,Kurlewless,54.94,112.32,Kurlewless
2021_7_6,2021,7,6,pending,The Aligators,61.0,97.1,The Aligators
2021_7_7,2021,7,7,The Hatters,SERPION,124.54,116.24,The Hatters
2021_7_8,2021,7,8,The Beer Barons,Leeannacondas,92.86,118.7,Leeannacondas
2021_8_1,2021,8,1,Standard Deviations,Too Many Cooks,67.26,90.14,Too Many Cooks
2021_8_2,2021,8,2,pending,Kurlewless,98.56,90.52,pending
2021_8_3,2021,8,3,Piggy's bushfire Carsonists,The Hatters,65.72,85.86,The Hatters
2021_8_4,2021,8,4,Leeannacondas,The Dirty Birds,116.8,114.16,Leeannacondas
2021_8_5,2021,8,5,Bearnaise Dynamics,The Beer Barons,138.0,114.18,Bearnaise Dynamics
2021_8_6,2021,8,6,SERPION,AT Football Team,64.22,54.7,SERPION
2021_8_7,2021,8,7,Mikkels Manatees,The Aligators,79.5,93.3,The Aligators
2021_8_8,2021,8,8,The Puffins,Swiftboats 4 breakdown justice,122.36,64.0,The Puffins
2021_9_1,2021,9,1,Standard Deviations,The Beer Barons,71.5,95.0,The Beer Barons
2021_9_2,2021,9,2,AT Football Team,Too Many Cooks,84.34,52.7,AT Football Team
2021_9_3,2021,9,3,Kurlewless,Bearnaise Dynamics,104.14,110.16,Bearnaise Dynamics
2021_9_4,2021,9,4,SERPION,pending,99.18,86.66,SERPION
2021_9_5,2021,9,5,Swiftboats 4 breakdown justice,The Hatters,64.48,106.78,The Hatters
2021_9_6,2021,9,6,Leeannacondas,The Aligators,85.62,74.2,Leeannacondas
2021_9_7,2021,9,7,The Puffins,The Dirty Birds,62.3,119.28,The Dirty Birds
2021_9_8,2021,9,8,Piggy's bushfire Carsonists,Mikkels Manatees,108.74,62.16,Piggy's bushfire Carsonists
2021_10_1,2021,10,1,Standard Deviations,pending,85.38,92.74,pending
2021_10_2,2021,10,2,Kurlewless,Too Many Cooks,50.7,67.94,Too Many Cooks
2021_10_3,2021,10,3,AT Football Team,Bearnaise Dynamics,128.6,91.82,AT Football Team
2021_10_4,2021,10,4,The Beer Barons,SERPION,105.44,78.22,The Beer Barons
2021_10_5,2021,10,5,Leeannacondas,The Hatters,105.92,71.58,Leeannacondas
2021_10_6,2021,10,6,Swiftboats 4 breakdown justice,The Aligators,90.14,98.8,The Aligators
2021_10_7,2021,10,7,Piggy's bushfire Carsonists,The Dirty Birds,99.72,93.46,Piggy's bushfire Carsonists
2021_10_8,2021,10,8,Mikkels Manatees,The Puffins,93.82,66.04,Mikkels Manatees
2021_11_1,2021,11,1,Standard Deviations,Mikkels Manatees,134.0,75.96,Standard Deviations
2021_11_2,2021,11,2,The Aligators,Too Many Cooks,76.28,86.52,Too Many Cooks
2021_11_3,2021,11,3,Piggy's bushfire Carsonists,Bearnaise Dynamics,89.52,108.46,Bearnaise Dynamics
2021_11_4,2021,11,4,Swiftboats 4 breakdown justice,pending,79.94,92.96,pending
2021_11_5,2021,11,5,AT Football Team,Kurlewless,81.0,113.38,Kurlewless
2021_11_6,2021,11,6,Leeannacondas,SERPION,85.12,83.28,Leeannacondas
2021_11_7,2021,11,7,The Hatters,The Beer Barons,117.42,96.56,The Hatters
2021_11_8,2021,11,8,The Dirty Birds,The Puffins,117.74,81.6,The Dirty Birds
2021_12_1,2021,12,1,Standard Deviations,Kurlewless,126.18,101.72,Standard Deviations
2021_12_2,2021,12,2,pending,Too Many Cooks,65.9,97.98,Too Many Cooks
2021_12_3,2021,12,3,SERPION,Bearnaise Dynamics,43.96,109.08,Bearnaise Dynamics
2021_12_4,2021,12,4,The Beer Barons,AT Football Team,124.88,96.9,The Beer Barons
2021_12_5,2021,12,5,The Hatters,The Dirty Birds,117.3,85.32,The Hatters
2021_12_6,2021,12,6,The Aligators,The Puffins,106.48,63.62,The Aligators
2021_12_7,2021,12,7,Swiftboats 4 breakdown justice,Mikkels Manatees,107.7,48.54,Swiftboats 4 breakdown justice
2021_12_8,2021,12,8,Leeannacondas,Piggy's bushfire Carsonists,118.6,65.8,Leeannacondas
2021_13_1,2021,13,1,Standard Deviations,Piggy's bushfire Carsonists,58.66,88.42,Piggy's bushfire Carsonists
2021_13_2,2021,13,2,The Hatters,Too Many Cooks,109.4,108.34,The Hatters
2021_13_3,2021,13,3,The Aligators,Bearnaise Dynamics,76.84,151.5,Bearnaise Dynamics
2021_13_4,2021,13,4,Swiftboats 4 breakdown justice,AT Football Team,79.62,120.86,AT Football Team
2021_13_5,2021,13,5,Leeannacondas,Kurlewless,83.46,64.38,Leeannacondas
2021_13_6,2021,13,6,pending,The Dirty Birds,99.5,74.9,pending
2021_13_7,2021,13,7,The Puffins,SERPION,109.22,79.38,The Puffins
2021_13_8,2021,13,8,The Beer Barons,Mikkels Manatees,131.66,77.82,The Beer Barons
2021_14_1,2021,14,1,Standard Deviations,Leeannacondas,68.84,114.44,Leeannacondas
2021_14_2,2021,14,2,The Dirty Birds,Too Many Cooks,97.34,116.0,Too Many Cooks
2021_14_3,2021,14,3,Bearnaise Dynamics,The Puffins,92.88,119.42,The Puffins
2021_14_4,2021,14,4,Mikkels Manatees,AT Football Team,101.92,85.92,Mikkels Manatees
2021_14_5,2021,14,5,Piggy's bushfire Carsonists,Kurlewless,70.28,90.7,Kurlewless
2021_14_6,2021,14,6,The Hatters,pending,131.22,93.02,The Hatters
2021_14_7,2021,14,7,SERPION,The Aligators,83.02,135.82,The Aligators
2021_14_8,2021,14,8,Swiftboats 4 breakdown justice,The Beer Barons,96.34,135.7,The Beer Barons
2021_15_1,2021,15,1,Standard Deviations,The Dirty Birds,106.82,104.98,Standard Deviations
2021_15_2,2021,15,2,Piggy's bushfire Carsonists,Swiftboats 4 breakdown justice,108.1,52.58,Piggy's bushfire Carsonists
2021_15_3,2021,15,3,Bearnaise Dynamics,pending,97.46,70.1,Bearnaise Dynamics
2021_15_4,2021,15,4,The Beer Barons,Too Many Cooks,103.46,63.44,The Beer Barons
2021_16_1,2021,16,1,SERPION,Swiftboats 4 breakdown justice,106.46,80.2,SERPION
2021_16_2,2021,16,2,The Dirty Birds,Kurlewless,79.8,103.94,Kurlewless
2021_16_3,2021,16,3,The Hatters,Bearnaise Dynamics,142.0,126.68,The Hatters
2021_16_4,2021,16,4,The Beer Barons,Leeannacondas,106.34,115.96,Leeannacondas
2022_1_1,2022,1,1,Standard Deviations,AT Football Team,77.3,65.32,Standard Deviations
2022_1_2,2022,1,2,Leeannacondas,The Hatters,115.4,45.68,Leeannacondas
2022_1_3,2022,1,3,The Aligators,The Beer Barons,117.02,101.66,The Aligators
2022_1_4,2022,1,4,Too Many Cooks,Bearnaise Dynamics,116.48,0.0,Too Many Cooks
2022_1_5,2022,1,5,Mikkels Manatees,The Puffins,119.78,102.86,Mikkels Manatees
2022_1_6,2022,1,6,The Piggies,The Dirty Birds,92.82,127.58,The Dirty Birds
2022_1_7,2022,1,7,SERPION,Kurlewless,89.16,68.1,SERPION
2022_1_8,2022,1,8,Fresno Fish Heads,London Tanqs,82.38,70.56,Fresno Fish Heads
2022_2_1,2022,2,1,Standard Deviations,Mikkels Manatees,64.26,116.18,Mikkels Manatees
2022_2_2,2022,2,2,Fresno Fish Heads,The Hatters,110.52,110.08,Fresno Fish Heads
2022_2_3,2022,2,3,Kurlewless,Leeannacondas,85.96,76.8,Kurlewless
2022_2_4,2022,2,4,London Tanqs,The Beer Barons,103.94,97.86,London Tanqs
2022_2_5,2022,2,5,The Aligators,SERPION,117.62,127.38,SERPION
2022_2_6,2022,2,6,Too Many Cooks,The Dirty Birds,93.9,77.24,Too Many Cooks
2022_2_7,2022,2,7,The Piggies,The Puffins,114.68,55.2,The Piggies
2022_2_8,2022,2,8,Bearnaise Dynamics,AT Football Team,156.72,101.86,Bearnaise Dynamics
2022_3_1,2022,3,1,Standard Deviations,Too Many Cooks,85.36,81.54,Standard Deviations
2022_3_2,2022,3,2,SERPION,The Hatters,65.84,103.56,The Hatters
2022_3_3,2022,3,3,Fresno Fish Heads,The Aligators,99.4,83.8,Fresno Fish Heads
2022_3_4,2022,3,4,Mikkels Manatees,The Dirty Birds,95.82,70.9,Mikkels Manatees
2022_3_5,2022,3,5,London Tanqs,Leeannacondas,96.04,120.98,Leeannacondas
2022_3_6,2022,3,6,The Beer Barons,Kurlewless,81.18,108.7,Kurlewless
2022_3_7,2022,3,7,The Puffins,AT Football Team,96.56,87.6,The Puffins
2022_3_8,2022,3,8,Bearnaise Dynamics,The Piggies,119.12,75.56,Bearnaise Dynamics
2022_4_1,2022,4,1,Standard Deviations,The Aligators,139.78,55.86,Standard Deviations
2022_4_2,2022,4,2,The Dirty Birds,The Hatters,76.56,91.36,The Hatters
2022_4_3,2022,4,3,The Piggies,Leeannacondas,107.26,94.36,The Piggies
2022_4_4,2022,4,4,AT Football Team,The Beer Barons,125.78,74.4,AT Football Team
2022_4_5,2022,4,5,Too Many Cooks,Fresno Fish Heads,86.3,131.32,Fresno Fish Heads
2022_4_6,2022,4,6,Kurlewless,The Puffins,139.54,85.98,Kurlewless
2022_4_7,2022,4,7,London Tanqs,Bearnaise Dynamics,59.1,131.36,Bearnaise Dynamics
2022_4_8,2022,4,8,Mikkels Manatees,SERPION,78.02,138.02,SERPION
2022_5_1,2022,5,1,Standard Deviations,The Hatters,105.16,109.04,The Hatters
2022_5_2,2022,5,2,The Dirty Birds,The Aligators,79.28,80.26,The Aligators
2022_5_3,2022,5,3,Too Many Cooks,SERPION,90.34,92.46,SERPION
2022_5_4,2022,5,4,Mikkels Manatees,Fresno Fish Heads,134.84,114.46,Mikkels Manatees
2022_5_5,2022,5,5,Leeannacondas,AT Football Team,126.58,110.88,Leeannacondas
2022_5_6,2022,5,6,The Beer Barons,The Piggies,124.0,64.64,The Beer Barons
2022_5_7,2022,5,7,The Puffins,London Tanqs,104.7,98.12,The Puffins
2022_5_8,2022,5,8,Bearnaise Dynamics,Kurlewless,93.76,97.58,Kurlewless
2022_6_1,2022,6,1,Standard Deviations,SERPION,73.92,89.64,SERPION
2022_6_2,2022,6,2,Too Many Cooks,The Hatters,55.12,99.3,The Hatters
2022_6_3,2022,6,3,The Puffins,Leeannacondas,123.98,94.52,The Puffins
2022_6_4,2022,6,4,Bearnaise Dynamics,The Beer Barons,85.0,75.66,Bearnaise Dynamics
2022_6_5,2022,6,5,Mikkels Manatees,The Aligators,75.7,52.9,Mikkels Manatees
2022_6_6,2022,6,6,The Dirty Birds,Fresno Fish Heads,60.06,66.86,Fresno Fish Heads
2022_6_7,2022,6,7,The Piggies,Kurlewless,70.0,87.74,Kurlewless
2022_6_8,2022,6,8,London Tanqs,AT Football Team,74.48,108.6,AT Football Team
2022_7_1,2022,7,1,Standard Deviations,Bearnaise Dynamics,119.68,80.2,Standard Deviations
2022_7_2,2022,7,2,Kurlewless,The Hatters,86.76,56.42,Kurlewless
2022_7_3,2022,7,3,Fresno Fish Heads,Leeannacondas,91.72,105.42,Leeannacondas
2022_7_4,2022,7,4,The Beer Barons,SERPION,80.44,106.38,SERPION
2022_7_5,2022,7,5,London Tanqs,The Aligators,113.5,83.96,London Tanqs
2022_7_6,2022,7,6,The Piggies,Too Many Cooks,70.2,69.0,The Piggies
2022_7_7,2022,7,7,The Puffins,The Dirty Birds,125.16,79.86,The Puffins
2022_7_8,2022,7,8,AT Football Team,Mikkels Manatees,155.54,73.64,AT Football Team
2022_8_1,2022,8,1,Standard Deviations,Fresno Fish Heads,96.14,80.62,Standard Deviations
2022_8_2,2022,8,2,Mikkels Manatees,The Hatters,66.54,106.94,The Hatters
2022_8_3,2022,8,3,Too Many Cooks,The Aligators,89.24,114.6,The Aligators
2022_8_4,2022,8,4,SERPION,The Dirty Birds,108.8,110.68,The Dirty Birds
2022_8_5,2022,8,5,Bearnaise Dynamics,Leeannacondas,132.12,101.12,Bearnaise Dynamics
2022_8_6,2022,8,6,The Beer Barons,The Puffins,117.56,117.24,The Beer Barons
2022_8_7,2022,8,7,The Piggies,London Tanqs,64.82,104.64,London Tanqs
2022_8_8,2022,8,8,AT Football Team,Kurlewless,143.88,111.38,AT Football Team
2022_9_1,2022,9,1,Standard Deviations,The Piggies,70.6,45.5,Standard Deviations
2022_9_2,2022,9,2,The Beer Barons,The Hatters,105.22,81.38,The Beer Barons
2022_9_3,2022,9,3,Leeannacondas,The Aligators,137.94,83.42,Leeannacondas
2022_9_4,2022,9,4,Too Many Cooks,The Puffins,63.0,82.5,The Puffins
2022_9_5,2022,9,5,Bearnaise Dynamics,Mikkels Manatees,96.72,86.36,Bearnaise Dynamics
2022_9_6,2022,9,6,AT Football Team,The Dirty Birds,89.64,143.2,The Dirty Birds
2022_9_7,2022,9,7,Fresno Fish Heads,Kurlewless,82.6,70.04,Fresno Fish Heads
2022_9_8,2022,9,8,SERPION,London Tanqs,110.26,36.3,SERPION
2022_10_1,2022,10,1,Standard Deviations,The Dirty Birds,0.0,0.0,Not yet played
2022_10_2,2022,10,2,The Aligators,The Hatters,0.0,0.0,Not yet played
2022_10_3,2022,10,3,The Beer Barons,Leeannacondas,0.0,2.5,Leeannacondas
2022_10_4,2022,10,4,Mikkels Manatees,Too Many Cooks,0.0,12.9,Too Many Cooks
2022_10_5,2022,10,5,The Puffins,Bearnaise Dynamics,0.0,4.8,Bearnaise Dynamics
2022_10_6,2022,10,6,AT Football Team,The Piggies,0.0,0.0,Not yet played
2022_10_7,2022,10,7,Fresno Fish Heads,SERPION,20.0,0.0,Fresno Fish Heads
2022_10_8,2022,10,8,London Tanqs,Kurlewless,0.0,0.0,Not yet played
2022_11_1,2022,11,1,Standard Deviations,The Puffins,0.0,0.0,Not yet played
2022_11_2,2022,11,2,The Piggies,The Hatters,0.0,0.0,Not yet played
2022_11_3,2022,11,3,SERPION,Leeannacondas,0.0,0.0,Not yet played
2022_11_4,2022,11,4,AT Football Team,Too Many Cooks,0.0,0.0,Not yet played
2022_11_5,2022,11,5,The Aligators,The Beer Barons,0.0,0.0,Not yet played
2022_11_6,2022,11,6,London Tanqs,Mikkels Manatees,0.0,0.0,Not yet played
2022_11_7,2022,11,7,Bearnaise Dynamics,The Dirty Birds,0.0,0.0,Not yet played
2022_11_8,2022,11,8,Kurlewless,Fresno Fish Heads,0.0,0.0,Not yet played
2022_12_1,2022,12,1,Standard Deviations,SERPION,0.0,0.0,Not yet played
2022_12_2,2022,12,2,Too Many Cooks,The Hatters,0.0,0.0,Not yet played
2022_12_3,2022,12,3,The Puffins,Leeannacondas,0.0,0.0,Not yet played
2022_12_4,2022,12,4,Bearnaise Dynamics,The Beer Barons,0.0,0.0,Not yet played
2022_12_5,2022,12,5,Mikkels Manatees,The Aligators,0.0,0.0,Not yet played
2022_12_6,2022,12,6,The Dirty Birds,Fresno Fish Heads,0.0,0.0,Not yet played
2022_12_7,2022,12,7,Kurlewless,The Piggies,0.0,0.0,Not yet played
2022_12_8,2022,12,8,London Tanqs,AT Football Team,0.0,0.0,Not yet played
2022_13_1,2022,13,1,Standard Deviations,The Aligators,0.0,0.0,Not yet played
2022_13_2,2022,13,2,The Dirty Birds,The Hatters,0.0,0.0,Not yet played
2022_13_3,2022,13,3,The Piggies,Leeannacondas,0.0,0.0,Not yet played
2022_13_4,2022,13,4,The Beer Barons,AT Football Team,0.0,0.0,Not yet played
2022_13_5,2022,13,5,Too Many Cooks,Fresno Fish Heads,0.0,0.0,Not yet played
2022_13_6,2022,13,6,Kurlewless,The Puffins,0.0,0.0,Not yet played
2022_13_7,2022,13,7,London Tanqs,Bearnaise Dynamics,0.0,0.0,Not yet played
2022_13_8,2022,13,8,Mikkels Manatees,SERPION,0.0,0.0,Not yet played
2022_14_1,2022,14,1,Standard Deviations,Mikkels Manatees,0.0,0.0,Not yet played
2022_14_2,2022,14,2,Fresno Fish Heads,The Hatters,0.0,0.0,Not yet played
2022_14_3,2022,14,3,Kurlewless,Leeannacondas,0.0,0.0,Not yet played
2022_14_4,2022,14,4,The Beer Barons,London Tanqs,0.0,0.0,Not yet played
2022_14_5,2022,14,5,SERPION,The Aligators,0.0,0.0,Not yet played
2022_14_6,2022,14,6,The Dirty Birds,Too Many Cooks,0.0,0.0,Not yet played
2022_14_7,2022,14,7,The Puffins,The Piggies,0.0,0.0,Not yet played
2022_14_8,2022,14,8,AT Football Team,Bearnaise Dynamics,0.0,0.0,Not yet played
2022_15_1,2022,15,1,Standard Deviations,Kurlewless,0.0,0.0,Not yet played
2022_15_2,2022,15,2,AT Football Team,The Beer Barons,0.0,0.0,Not yet played
2022_15_3,2022,15,3,The Hatters,The Dirty Birds,0.0,0.0,Not yet played
2022_15_4,2022,15,4,Fresno Fish Heads,Leeannacondas,0.0,0.0,Not yet played
